n_steps,audit_weight,streaming_classical_memory_bound,exposed_audit_probability,exposed_return_fidelity,optimal_local_strength,optimal_strategy,collective_classical_record_bound,coherent_memory_algebraic_score
1,0.0,1.0,0.5,1.0,0.0,one_slot,1.0,1.0
1,0.01,0.995025251881154,0.5050502474176817,0.999974494350482,0.010100494835363273,one_slot,0.995025251881154,1.0
1,0.02,0.9901020301937138,0.5102019573312596,0.9998959092317231,0.020403914662519312,one_slot,0.9901020301937138,1.0
1,0.03,0.9852319033204638,0.5154565269692227,0.9997610386715332,0.030913053938445352,one_slot,0.9852319033204638,1.0
1,0.04,0.9804164859785724,0.5208152723560907,0.9995665365461759,0.04163054471218133,one_slot,0.9804164859785726,1.0
1,0.05,0.9756574397610112,0.5262794165613819,0.9993089146662548,0.052558833122763673,one_slot,0.9756574397610112,1.0
1,0.06,0.9709564735726646,0.531850077112669,0.9989845414318133,0.06370015422533787,one_slot,0.9709564735726647,1.0
1,0.07,0.9663153439465615,0.5375282525595071,0.9985896411477377,0.07505650511901428,one_slot,0.9663153439465615,1.0
1,0.08,0.9617358552246079,0.543314808182421,0.9981202940978415,0.086629616364842,one_slot,0.9617358552246078,1.0
1,0.09,0.9572198595861733,0.5492104608499828,0.9975724374831592,0.09842092169996554,one_slot,0.9572198595861733,1.0
1,0.1,0.9527692569068709,0.5552157630374233,0.9969418673368095,0.11043152607484655,one_slot,0.9527692569068709,1.0
1,0.11,0.9483859944289071,0.5613310860323051,0.9962242415341052,0.12266217206461028,one_slot,0.9483859944289073,1.0
1,0.12,0.9440720662234904,0.5675566023666567,0.9954150840221495,0.1351132047333135,one_slot,0.9440720662234903,1.0
1,0.13,0.9398295124249849,0.5738922675306901,0.9945097903976956,0.1477845350613803,one_slot,0.9398295124249849,1.0
1,0.14,0.9356604182158393,0.5803378010408555,0.9935036349652553,0.16067560208171103,one_slot,0.9356604182158392,1.0
1,0.15,0.9315669125408017,0.5868926669545238,0.9923917794089684,0.17378533390904768,one_slot,0.9315669125408017,1.0
1,0.16,0.927551166528639,0.5935560539449976,0.9911692832112373,0.18711210788999522,one_slot,0.9275511665286389,1.0
1,0.17,0.9236153915995027,0.600326855073719,0.9898311159481572,0.20065371014743788,one_slot,0.9236153915995027,1.0
1,0.18,0.9197618372363072,0.6072036474213043,0.9883721715859419,0.21440729484260862,one_slot,0.9197618372363072,1.0
1,0.19,0.9159927883990299,0.6141846717651194,0.9867872848934038,0.22836934353023883,one_slot,0.9159927883990299,1.0
1,0.2,0.9123105625617661,0.6212678125181664,0.9850712500726659,0.24253562503633294,one_slot,0.9123105625617661,1.0
1,0.21,0.9087175063537162,0.6284505781716259,0.9832188416932591,0.25690115634325167,one_slot,0.9087175063537162,1.0
1,0.22,0.9052159917870962,0.6357300825109031,0.9812248379932019,0.2714601650218062,one_slot,0.9052159917870962,1.0
1,0.23,0.9018084120572889,0.6431030269017907,0.9790840465842559,0.2862060538035814,one_slot,0.9018084120572888,1.0
1,0.24,0.8984971769034256,0.6505656839685486,0.9767913325670708,0.3011313679370973,one_slot,0.8984971769034256,1.0
1,0.25,0.8952847075210474,0.658113883008419,0.9743416490252569,0.31622776601683794,one_slot,0.8952847075210475,1.0
1,0.26,0.8921734310225515,0.66574299750628,0.9717300698255659,0.3314859950125599,one_slot,0.8921734310225515,1.0
1,0.27,0.8891657744458009,0.6734479351277092,0.9689518246045472,0.34689587025541846,one_slot,0.8891657744458009,1.0
1,0.28,0.8862641583165594,0.6812231305774743,0.966002335770648,0.3624462611549485,one_slot,0.8862641583165594,1.0
1,0.29,0.8834709897762801,0.6890625417122089,0.962877257295408,0.37812508342441775,one_slot,0.8834709897762802,1.0
1,0.3,0.8807886552931954,0.6969596492895839,0.959572515009029,0.3939192985791677,one_slot,0.8807886552931954,1.0
1,0.31,0.8782195129815489,0.7049074607205176,0.9560843480553456,0.40981492144103515,one_slot,0.8782195129815489,1.0
1,0.32,0.8757658845611187,0.7128985181649398,0.9524093511004971,0.4257970363298796,one_slot,0.8757658845611187,1.0
1,0.33,0.8734300469967569,0.7209249112745245,0.9485445168300951,0.441849822549049,one_slot,0.8734300469967569,1.0
1,0.34,0.8712142238654117,0.7289782948371553,0.9444872782133014,0.4579565896743106,one_slot,0.8712142238654117,1.0
1,0.35000000000000003,0.869120576505835,0.7370499115175088,0.9402355499610876,0.4740998230350176,one_slot,0.869120576505835,1.0
1,0.36,0.8671511950137164,0.7451306198162795,0.9357877685622746,0.4902612396325589,one_slot,0.8671511950137164,1.0
1,0.37,0.8653080891521566,0.7532109272879317,0.9311429302470189,0.5064218545758634,one_slot,0.8653080891521566,1.0
1,0.38,0.8635931792539568,0.7612810289646437,0.9263006262054714,0.5225620579292874,one_slot,0.8635931792539568,1.0
1,0.39,0.8620082871979591,0.7693308508340405,0.921261074381448,0.538661701668081,one_slot,0.8620082871979591,1.0
1,0.4,0.860555127546399,0.7773500981126146,0.9160251471689218,0.5547001962252291,one_slot,0.860555127546399,1.0
1,0.41000000000000003,0.8592352989337211,0.7853283079481319,0.9105943943643848,0.5706566158962638,one_slot,0.8592352989337211,1.0
1,0.42,0.8580502757993631,0.7932549060759214,0.9049710607715106,0.5865098121518428,one_slot,0.8580502757993631,1.0
1,0.43,0.8570014005574769,0.801119266849186,0.8991580979163629,0.602238533698372,one_slot,0.8570014005574769,1.0
1,0.44,0.8560898762952971,0.8089107759659517,0.8931591694112113,0.6178215519319035,one_slot,0.8560898762952971,1.0
1,0.45,0.8553167600887974,0.8166188951286313,0.8869786496016605,0.6332377902572626,one_slot,0.8553167600887974,1.0
1,0.46,0.8546829570193641,0.8242332277998955,0.8806216152433557,0.648466455599791,one_slot,0.854682957019364,1.0
1,0.47000000000000003,0.8541892149684968,0.8317435851637973,0.8740938300783245,0.6634871703275945,one_slot,0.8541892149684968,1.0
1,0.48,0.8538361202590827,0.8391400513665328,0.867401722313744,0.6782801027330657,one_slot,0.8538361202590827,1.0
1,0.49,0.8536240942017386,0.8464130470988642,0.8605523551437158,0.6928260941977283,one_slot,0.8536240942017385,1.0
1,0.5,0.8535533905932737,0.8535533905932737,0.8535533905932737,0.7071067811865475,one_slot,0.8535533905932737,1.0
1,0.51,0.8536240942017386,0.8605523551437158,0.8464130470988642,0.7211047102874315,one_slot,0.8536240942017385,1.0
1,0.52,0.8538361202590827,0.867401722313744,0.8391400513665328,0.7348034446274879,one_slot,0.8538361202590827,1.0
1,0.53,0.8541892149684966,0.8740938300783245,0.8317435851637973,0.7481876601566492,one_slot,0.8541892149684968,1.0
1,0.54,0.854682957019364,0.8806216152433557,0.8242332277998955,0.7612432304867113,one_slot,0.8546829570193639,1.0
1,0.55,0.8553167600887974,0.8869786496016605,0.8166188951286313,0.7739572992033211,one_slot,0.8553167600887974,1.0
1,0.56,0.8560898762952971,0.8931591694112113,0.8089107759659517,0.7863183388224227,one_slot,0.8560898762952971,1.0
1,0.5700000000000001,0.8570014005574769,0.8991580979163629,0.801119266849186,0.7983161958327257,one_slot,0.8570014005574769,1.0
1,0.58,0.8580502757993631,0.9049710607715105,0.7932549060759215,0.809942121543021,one_slot,0.8580502757993631,1.0
1,0.59,0.8592352989337211,0.9105943943643848,0.7853283079481319,0.8211887887287698,one_slot,0.8592352989337211,1.0
1,0.6,0.860555127546399,0.9160251471689218,0.7773500981126147,0.8320502943378436,one_slot,0.860555127546399,1.0
1,0.61,0.8620082871979591,0.921261074381448,0.7693308508340404,0.842522148762896,one_slot,0.8620082871979591,1.0
1,0.62,0.8635931792539568,0.9263006262054714,0.7612810289646437,0.8526012524109428,one_slot,0.8635931792539568,1.0
1,0.63,0.8653080891521566,0.9311429302470189,0.7532109272879317,0.8622858604940377,one_slot,0.8653080891521566,1.0
1,0.64,0.8671511950137164,0.9357877685622746,0.7451306198162795,0.8715755371245493,one_slot,0.8671511950137164,1.0
1,0.65,0.8691205765058351,0.9402355499610877,0.7370499115175086,0.8804710999221753,one_slot,0.869120576505835,1.0
1,0.66,0.8712142238654117,0.9444872782133014,0.7289782948371553,0.8889745564266028,one_slot,0.8712142238654117,1.0
1,0.67,0.8734300469967569,0.9485445168300951,0.7209249112745245,0.8970890336601902,one_slot,0.8734300469967569,1.0
1,0.68,0.8757658845611187,0.952409351100497,0.7128985181649399,0.904818702200994,one_slot,0.8757658845611187,1.0
1,0.6900000000000001,0.8782195129815489,0.9560843480553456,0.7049074607205176,0.9121686961106911,one_slot,0.8782195129815489,1.0
1,0.7000000000000001,0.8807886552931954,0.959572515009029,0.6969596492895838,0.9191450300180579,one_slot,0.8807886552931954,1.0
1,0.71,0.8834709897762802,0.9628772572954079,0.689062541712209,0.9257545145908157,one_slot,0.8834709897762802,1.0
1,0.72,0.8862641583165594,0.966002335770648,0.6812231305774742,0.932004671541296,one_slot,0.8862641583165594,1.0
1,0.73,0.8891657744458009,0.9689518246045472,0.6734479351277092,0.9379036492090943,one_slot,0.8891657744458009,1.0
1,0.74,0.8921734310225515,0.971730069825566,0.6657429975062799,0.9434601396511318,one_slot,0.8921734310225515,1.0
1,0.75,0.8952847075210474,0.9743416490252569,0.658113883008419,0.9486832980505138,one_slot,0.8952847075210475,1.0
1,0.76,0.8984971769034255,0.9767913325670707,0.6505656839685487,0.9535826651341416,one_slot,0.8984971769034256,1.0
1,0.77,0.9018084120572888,0.9790840465842559,0.6431030269017904,0.9581680931685117,one_slot,0.9018084120572888,1.0
1,0.78,0.9052159917870961,0.9812248379932018,0.6357300825109032,0.9624496759864037,one_slot,0.9052159917870962,1.0
1,0.79,0.9087175063537162,0.9832188416932591,0.628450578171626,0.9664376833865183,one_slot,0.9087175063537162,1.0
1,0.8,0.9123105625617661,0.9850712500726659,0.6212678125181668,0.9701425001453318,one_slot,0.9123105625617661,1.0
1,0.81,0.9159927883990298,0.9867872848934038,0.6141846717651195,0.9735745697868077,one_slot,0.9159927883990299,1.0
1,0.8200000000000001,0.9197618372363072,0.9883721715859419,0.6072036474213045,0.9767443431718837,one_slot,0.9197618372363072,1.0
1,0.8300000000000001,0.9236153915995027,0.9898311159481572,0.6003268550737189,0.9796622318963144,one_slot,0.9236153915995027,1.0
1,0.84,0.927551166528639,0.9911692832112374,0.5935560539449973,0.9823385664224749,one_slot,0.9275511665286389,1.0
1,0.85,0.9315669125408017,0.9923917794089684,0.5868926669545238,0.9847835588179368,one_slot,0.9315669125408017,1.0
1,0.86,0.9356604182158393,0.9935036349652553,0.5803378010408553,0.9870072699305106,one_slot,0.9356604182158392,1.0
1,0.87,0.9398295124249849,0.9945097903976956,0.5738922675306903,0.9890195807953913,one_slot,0.9398295124249849,1.0
1,0.88,0.9440720662234903,0.9954150840221495,0.5675566023666565,0.990830168044299,one_slot,0.9440720662234903,1.0
1,0.89,0.9483859944289071,0.9962242415341052,0.561331086032305,0.9924484830682104,one_slot,0.9483859944289073,1.0
1,0.9,0.9527692569068709,0.9969418673368095,0.5552157630374233,0.9938837346736189,one_slot,0.9527692569068709,1.0
1,0.91,0.9572198595861733,0.9975724374831592,0.5492104608499827,0.9951448749663183,one_slot,0.9572198595861733,1.0
1,0.92,0.9617358552246078,0.9981202940978415,0.5433148081824203,0.9962405881956831,one_slot,0.9617358552246078,1.0
1,0.93,0.9663153439465616,0.9985896411477377,0.5375282525595073,0.9971792822954754,one_slot,0.9663153439465616,1.0
1,0.9400000000000001,0.9709564735726647,0.9989845414318133,0.5318500771126695,0.9979690828636266,one_slot,0.9709564735726648,1.0
1,0.9500000000000001,0.9756574397610113,0.9993089146662548,0.5262794165613816,0.9986178293325098,one_slot,0.9756574397610112,1.0
1,0.96,0.9804164859785726,0.9995665365461759,0.5208152723560913,0.9991330730923519,one_slot,0.9804164859785726,1.0
1,0.97,0.9852319033204638,0.9997610386715332,0.5154565269692224,0.9995220773430664,one_slot,0.9852319033204638,1.0
1,0.98,0.9901020301937139,0.9998959092317232,0.5102019573312571,0.9997918184634463,one_slot,0.9901020301937138,1.0
1,0.99,0.995025251881154,0.999974494350482,0.5050502474176841,0.999948988700964,one_slot,0.995025251881154,1.0
1,1.0,1.0,1.0,0.5,1.0,one_slot,1.0,1.0
2,0.0,1.0,0.5,1.0,0.0,no_record,1.0,1.0
2,0.01,0.995,0.5,1.0,0.0,no_record,0.995025251881154,1.0
2,0.02,0.99,0.5,1.0,0.0,no_record,0.9901020301937138,1.0
2,0.03,0.985,0.5,1.0,0.0,no_record,0.9852319033204638,1.0
2,0.04,0.98,0.5,1.0,0.0,no_record,0.9804164859785726,1.0
2,0.05,0.975,0.5,1.0,0.0,no_record,0.9756574397610112,1.0
2,0.06,0.97,0.5,1.0,0.0,no_record,0.9709564735726647,1.0
2,0.07,0.965,0.5,1.0,0.0,no_record,0.9663153439465615,1.0
2,0.08,0.9600000000000001,0.5,1.0,0.0,no_record,0.9617358552246078,1.0
2,0.09,0.9550000000000001,0.5,1.0,0.0,no_record,0.9572198595861733,1.0
2,0.1,0.9500000000000001,0.5,1.0,0.0,no_record,0.9527692569068709,1.0
2,0.11,0.9450000000000001,0.5,1.0,0.0,no_record,0.9483859944289073,1.0
2,0.12,0.94,0.5,1.0,0.0,no_record,0.9440720662234903,1.0
2,0.13,0.935,0.5,1.0,0.0,no_record,0.9398295124249849,1.0
2,0.14,0.9299999999999999,0.5,1.0,0.0,no_record,0.9356604182158392,1.0
2,0.15,0.9249999999999999,0.5,1.0,0.0,no_record,0.9315669125408017,1.0
2,0.16,0.9199999999999999,0.5,1.0,0.0,no_record,0.9275511665286389,1.0
2,0.17,0.9149999999999999,0.5,1.0,0.0,no_record,0.9236153915995027,1.0
2,0.18,0.91,0.5,1.0,0.0,no_record,0.9197618372363072,1.0
2,0.19,0.905,0.5,1.0,0.0,no_record,0.9159927883990299,1.0
2,0.2,0.9,0.5,1.0,0.0,no_record,0.9123105625617661,1.0
2,0.21,0.895,0.5,1.0,0.0,no_record,0.9087175063537162,1.0
2,0.22,0.89,0.5,1.0,0.0,no_record,0.9052159917870962,1.0
2,0.23,0.885,0.5,1.0,0.0,no_record,0.9018084120572888,1.0
2,0.24,0.88,0.5,1.0,0.0,no_record,0.8984971769034256,1.0
2,0.25,0.875,0.5,1.0,0.0,no_record,0.8952847075210475,1.0
2,0.26,0.87,0.5,1.0,0.0,no_record,0.8921734310225515,1.0
2,0.27,0.865,0.5,1.0,0.0,no_record,0.8891657744458009,1.0
2,0.28,0.86,0.5,1.0,0.0,no_record,0.8862641583165594,1.0
2,0.29,0.855,0.5,1.0,0.0,no_record,0.8834709897762802,1.0
2,0.3,0.85,0.5,1.0,0.0,no_record,0.8807886552931954,1.0
2,0.31,0.845,0.5,1.0,0.0,no_record,0.8782195129815489,1.0
2,0.32,0.84,0.5,1.0,0.0,no_record,0.8757658845611187,1.0
2,0.33,0.835,0.5,1.0,0.0,no_record,0.8734300469967569,1.0
2,0.34,0.83,0.5,1.0,0.0,no_record,0.8712142238654117,1.0
2,0.35000000000000003,0.825,0.5,1.0,0.0,no_record,0.869120576505835,1.0
2,0.36,0.8200000000000001,0.5,1.0,0.0,no_record,0.8671511950137164,1.0
2,0.37,0.815,0.5,1.0,0.0,no_record,0.8653080891521566,1.0
2,0.38,0.81,0.5,1.0,0.0,no_record,0.8635931792539568,1.0
2,0.39,0.8049999999999999,0.5,1.0,0.0,no_record,0.8620082871979591,1.0
2,0.4,0.8,0.5,1.0,0.0,no_record,0.860555127546399,1.0
2,0.41000000000000003,0.7949999999999999,0.5,1.0,0.0,no_record,0.8592352989337211,1.0
2,0.42,0.79,0.5,1.0,0.0,no_record,0.8580502757993631,1.0
2,0.43,0.785,0.5,1.0,0.0,no_record,0.8570014005574769,1.0
2,0.44,0.78,0.5,1.0,0.0,no_record,0.8560898762952971,1.0
2,0.45,0.775,0.5,1.0,0.0,no_record,0.8553167600887974,1.0
2,0.46,0.77,0.5,1.0,0.0,no_record,0.854682957019364,1.0
2,0.47000000000000003,0.765,0.5,1.0,0.0,no_record,0.8541892149684968,1.0
2,0.48,0.76,0.5,1.0,0.0,no_record,0.8538361202590827,1.0
2,0.49,0.755,0.5,1.0,0.0,no_record,0.8536240942017385,1.0
2,0.5,0.75,0.5,1.0,0.0,no_record,0.8535533905932737,1.0
2,0.51,0.745754716981132,0.5726237095051622,0.9259522961908151,0.3811133939004562,equal_weak_measurement,0.8536240942017385,1.0
2,0.52,0.7428571428571429,0.63265306122449,0.8622448979591834,0.5150787536377132,equal_weak_measurement,0.8538361202590827,1.0
2,0.53,0.7411016949152542,0.6827061189313418,0.8069520252800916,0.6044933728856617,equal_weak_measurement,0.8541892149684968,1.0
2,0.54,0.7403225806451614,0.7247658688865768,0.7585848074921955,0.6704712803492432,equal_weak_measurement,0.8546829570193639,1.0
2,0.55,0.7403846153846154,0.7603550295857988,0.7159763313609467,0.72160242458822,equal_weak_measurement,0.8553167600887974,1.0
2,0.56,0.7411764705882353,0.7906574394463669,0.6782006920415224,0.7624400821656308,equal_weak_measurement,0.8560898762952971,1.0
2,0.5700000000000001,0.7426056338028169,0.8166038484427693,0.644514977187066,0.7957434868634105,equal_weak_measurement,0.8570014005574769,1.0
2,0.58,0.7445945945945944,0.838933528122717,0.6143170197224253,0.8233268222555574,equal_weak_measurement,0.8580502757993631,1.0
2,0.59,0.747077922077922,0.8582391634339686,0.587114184516782,0.846450427885731,equal_weak_measurement,0.8592352989337211,1.0
2,0.6,0.75,0.875,0.5625,0.8660254037844386,equal_weak_measurement,0.860555127546399,1.0
2,0.61,0.7533132530120481,0.8896066192480765,0.5401364494121063,0.8827305582657445,equal_weak_measurement,0.8620082871979591,1.0
2,0.62,0.7569767441860464,0.9023796646836126,0.5197404002163333,0.8970837917202747,equal_weak_measurement,0.8635931792539568,1.0
2,0.63,0.7609550561797754,0.9135841434162355,0.5010730968312082,0.909487925611149,equal_weak_measurement,0.8653080891521566,1.0
2,0.64,0.7652173913043478,0.9234404536862004,0.48393194706994325,0.9202613255876837,equal_weak_measurement,0.8671511950137164,1.0
2,0.65,0.769736842105263,0.9321329639889196,0.4681440443213295,0.929659038560826,equal_weak_measurement,0.869120576505835,1.0
2,0.66,0.7744897959183674,0.9398167430237402,0.453561016243232,0.937887779026617,equal_weak_measurement,0.8712142238654117,1.0
2,0.67,0.7794554455445544,0.9466228801097931,0.4400548965787667,0.9451167971312256,equal_weak_measurement,0.8734300469967569,1.0
2,0.68,0.7846153846153845,0.9526627218934911,0.42751479289940814,0.9514859136040755,equal_weak_measurement,0.8757658845611187,1.0
2,0.6900000000000001,0.7899532710280375,0.9580312691064723,0.415844178530876,0.9571115599620269,equal_weak_measurement,0.8782195129815489,1.0
2,0.7000000000000001,0.7954545454545456,0.962809917355372,0.4049586776859503,0.9620913858416694,equal_weak_measurement,0.8807886552931954,1.0
2,0.71,0.8011061946902653,0.9670686819641318,0.3947842430887305,0.9665078188655607,equal_weak_measurement,0.8834709897762802,1.0
2,0.72,0.806896551724138,0.9708680142687278,0.38525564803804996,0.97043084686002,equal_weak_measurement,0.8862641583165594,1.0
2,0.73,0.8128151260504203,0.9742602923522352,0.37631523197514305,0.9739202147529695,equal_weak_measurement,0.8891657744458009,1.0
2,0.74,0.8188524590163935,0.9772910507927977,0.3679118516527815,0.9770271754591042,equal_weak_measurement,0.8921734310225515,1.0
2,0.75,0.8250000000000002,0.9800000000000001,0.3600000000000001,0.9797958971132713,equal_weak_measurement,0.8952847075210475,1.0
2,0.76,0.83125,0.982421875,0.3525390625,0.9822646028438569,equal_weak_measurement,0.8984971769034256,1.0
2,0.77,0.8375954198473283,0.9845871452712547,0.3454926869063574,0.9844665004673898,equal_weak_measurement,0.9018084120572888,1.0
2,0.78,0.8440298507462688,0.9865226108264648,0.33882824682557366,0.9864305457825855,equal_weak_measurement,0.9052159917870962,1.0
2,0.79,0.8505474452554744,0.9882519047365337,0.3325163833981565,0.9881820730376905,equal_weak_measurement,0.9087175063537162,1.0
2,0.8,0.8571428571428572,0.9897959183673469,0.32653061224489793,0.989743318610787,equal_weak_measurement,0.9123105625617661,1.0
2,0.81,0.8638111888111888,0.9911731625018338,0.32084698518264954,0.991133858267221,equal_weak_measurement,0.9159927883990299,1.0
2,0.8200000000000001,0.8705479452054796,0.9924000750609872,0.31544379808594486,0.9923709740424567,equal_weak_measurement,0.9197618372363072,1.0
2,0.8300000000000001,0.8773489932885906,0.9934912841763883,0.31030133777757757,0.9934699634879641,equal_weak_measurement,0.9236153915995027,1.0
2,0.84,0.8842105263157896,0.9944598337950139,0.3054016620498614,0.9944444014574307,equal_weak_measurement,0.9275511665286389,1.0
2,0.85,0.8911290322580645,0.9953173777315296,0.3007284079084288,0.9953063626155815,equal_weak_measurement,0.9315669125408017,1.0
2,0.86,0.8981012658227847,0.9960743470597659,0.2962666239384713,0.9960666112863797,equal_weak_measurement,0.9356604182158392,1.0
2,0.87,0.9051242236024845,0.9967400949037459,0.2920026233555804,0.9967347640207459,equal_weak_measurement,0.9398295124249849,1.0
2,0.88,0.9121951219512194,0.9973230220107079,0.28792385484830463,0.9973194292810181,equal_weak_measurement,0.9440720662234903,1.0
2,0.89,0.919311377245509,0.9978306859335222,0.28401878876976583,0.9978283278535665,equal_weak_measurement,0.9483859944289073,1.0
2,0.9,0.9264705882352942,0.9982698961937717,0.28027681660899656,0.9982683969692436,equal_weak_measurement,0.9527692569068709,1.0
2,0.91,0.9336705202312139,0.998646797420562,0.2766881619833605,0.9986458806008884,equal_weak_measurement,0.9572198595861733,1.0
2,0.92,0.9409090909090909,0.9989669421487604,0.2732438016528925,0.9989664079925414,equal_weak_measurement,0.9617358552246078,1.0
2,0.93,0.9481843575418996,0.9992353547017884,0.2699353952748041,0.9992350621368211,equal_weak_measurement,0.9663153439465616,1.0
2,0.9400000000000001,0.9554945054945055,0.9994565873686753,0.2667552227991788,0.9994564396397426,equal_weak_measurement,0.9709564735726648,1.0
2,0.9500000000000001,0.9628378378378379,0.9996347699050402,0.2636961285609934,0.9996347031841584,equal_weak_measurement,0.9756574397610112,1.0
2,0.96,0.9702127659574467,0.9997736532367586,0.26075147125396103,0.9997736276145301,equal_weak_measurement,0.9804164859785726,1.0
2,0.97,0.9776178010471203,0.9998766481181984,0.2579150790822619,0.9998766405094165,equal_weak_measurement,0.9852319033204638,1.0
2,0.98,0.9850515463917526,0.9999468593899458,0.25518120948028483,0.9999468579779085,equal_weak_measurement,0.9901020301937138,1.0
2,0.99,0.99251269035533,0.9999871163905281,0.25254451287072593,0.9999871163075332,equal_weak_measurement,0.995025251881154,1.0
2,1.0,1.0,1.0,0.25,1.0,projective_each_slot,1.0,1.0
3,0.0,1.0,0.5,1.0,0.0,no_record,1.0,1.0
3,0.01,0.995,0.5,1.0,0.0,no_record,0.995025251881154,1.0
3,0.02,0.99,0.5,1.0,0.0,no_record,0.9901020301937138,1.0
3,0.03,0.985,0.5,1.0,0.0,no_record,0.9852319033204638,1.0
3,0.04,0.98,0.5,1.0,0.0,no_record,0.9804164859785726,1.0
3,0.05,0.975,0.5,1.0,0.0,no_record,0.9756574397610112,1.0
3,0.06,0.97,0.5,1.0,0.0,no_record,0.9709564735726647,1.0
3,0.07,0.965,0.5,1.0,0.0,no_record,0.9663153439465615,1.0
3,0.08,0.9600000000000001,0.5,1.0,0.0,no_record,0.9617358552246078,1.0
3,0.09,0.9550000000000001,0.5,1.0,0.0,no_record,0.9572198595861733,1.0
3,0.1,0.9500000000000001,0.5,1.0,0.0,no_record,0.9527692569068709,1.0
3,0.11,0.9450000000000001,0.5,1.0,0.0,no_record,0.9483859944289073,1.0
3,0.12,0.94,0.5,1.0,0.0,no_record,0.9440720662234903,1.0
3,0.13,0.935,0.5,1.0,0.0,no_record,0.9398295124249849,1.0
3,0.14,0.9299999999999999,0.5,1.0,0.0,no_record,0.9356604182158392,1.0
3,0.15,0.9249999999999999,0.5,1.0,0.0,no_record,0.9315669125408017,1.0
3,0.16,0.9199999999999999,0.5,1.0,0.0,no_record,0.9275511665286389,1.0
3,0.17,0.9149999999999999,0.5,1.0,0.0,no_record,0.9236153915995027,1.0
3,0.18,0.91,0.5,1.0,0.0,no_record,0.9197618372363072,1.0
3,0.19,0.905,0.5,1.0,0.0,no_record,0.9159927883990299,1.0
3,0.2,0.9,0.5,1.0,0.0,no_record,0.9123105625617661,1.0
3,0.21,0.895,0.5,1.0,0.0,no_record,0.9087175063537162,1.0
3,0.22,0.89,0.5,1.0,0.0,no_record,0.9052159917870962,1.0
3,0.23,0.885,0.5,1.0,0.0,no_record,0.9018084120572888,1.0
3,0.24,0.88,0.5,1.0,0.0,no_record,0.8984971769034256,1.0
3,0.25,0.875,0.5,1.0,0.0,no_record,0.8952847075210475,1.0
3,0.26,0.87,0.5,1.0,0.0,no_record,0.8921734310225515,1.0
3,0.27,0.865,0.5,1.0,0.0,no_record,0.8891657744458009,1.0
3,0.28,0.86,0.5,1.0,0.0,no_record,0.8862641583165594,1.0
3,0.29,0.855,0.5,1.0,0.0,no_record,0.8834709897762802,1.0
3,0.3,0.85,0.5,1.0,0.0,no_record,0.8807886552931954,1.0
3,0.31,0.845,0.5,1.0,0.0,no_record,0.8782195129815489,1.0
3,0.32,0.84,0.5,1.0,0.0,no_record,0.8757658845611187,1.0
3,0.33,0.835,0.5,1.0,0.0,no_record,0.8734300469967569,1.0
3,0.34,0.83,0.5,1.0,0.0,no_record,0.8712142238654117,1.0
3,0.35000000000000003,0.825,0.5,1.0,0.0,no_record,0.869120576505835,1.0
3,0.36,0.8200000000000001,0.5,1.0,0.0,no_record,0.8671511950137164,1.0
3,0.37,0.815,0.5,1.0,0.0,no_record,0.8653080891521566,1.0
3,0.38,0.81,0.5,1.0,0.0,no_record,0.8635931792539568,1.0
3,0.39,0.8049999999999999,0.5,1.0,0.0,no_record,0.8620082871979591,1.0
3,0.4,0.8,0.5,1.0,0.0,no_record,0.860555127546399,1.0
3,0.41000000000000003,0.7949999999999999,0.5,1.0,0.0,no_record,0.8592352989337211,1.0
3,0.42,0.79,0.5,1.0,0.0,no_record,0.8580502757993631,1.0
3,0.43,0.785,0.5,1.0,0.0,no_record,0.8570014005574769,1.0
3,0.44,0.78,0.5,1.0,0.0,no_record,0.8560898762952971,1.0
3,0.45,0.775,0.5,1.0,0.0,no_record,0.8553167600887974,1.0
3,0.46,0.77,0.5,1.0,0.0,no_record,0.854682957019364,1.0
3,0.47000000000000003,0.765,0.5,1.0,0.0,no_record,0.8541892149684968,1.0
3,0.48,0.76,0.5,1.0,0.0,no_record,0.8538361202590827,1.0
3,0.49,0.755,0.5,1.0,0.0,no_record,0.8536240942017385,1.0
3,0.5,0.75,0.5,1.0,0.0,no_record,0.8535533905932737,1.0
3,0.51,0.745,0.5,1.0,0.0,no_record,0.8536240942017385,1.0
3,0.52,0.74,0.5,1.0,0.0,no_record,0.8538361202590827,1.0
3,0.53,0.735,0.5,1.0,0.0,no_record,0.8541892149684968,1.0
3,0.54,0.73,0.5,1.0,0.0,no_record,0.8546829570193639,1.0
3,0.55,0.725,0.5,1.0,0.0,no_record,0.8553167600887974,1.0
3,0.56,0.72,0.5,1.0,0.0,no_record,0.8560898762952971,1.0
3,0.5700000000000001,0.715,0.5,1.0,0.0,no_record,0.8570014005574769,1.0
3,0.58,0.71,0.5,1.0,0.0,no_record,0.8580502757993631,1.0
3,0.59,0.7050000000000001,0.5,1.0,0.0,no_record,0.8592352989337211,1.0
3,0.6,0.7,0.5,1.0,0.0,no_record,0.860555127546399,1.0
3,0.61,0.6950000000000001,0.5,1.0,0.0,no_record,0.8620082871979591,1.0
3,0.62,0.69,0.5,1.0,0.0,no_record,0.8635931792539568,1.0
3,0.63,0.6914058339148812,0.9618697890358991,0.2308861265466617,0.9739048244093298,equal_weak_measurement,0.8653080891521566,1.0
3,0.64,0.6987876316122439,0.9669941871417902,0.22197597733749486,0.9774933769070743,equal_weak_measurement,0.8671511950137164,1.0
3,0.65,0.7062998481920282,0.9712997513989223,0.2141571708077962,0.9804882693894446,equal_weak_measurement,0.869120576505835,1.0
3,0.66,0.7139254074256478,0.9749573047695246,0.20721643022871045,0.9830181179650541,equal_weak_measurement,0.8712142238654117,1.0
3,0.67,0.7216505237977495,0.9780916610229378,0.20099730579509456,0.9851757687638537,equal_weak_measurement,0.8734300469967569,1.0
3,0.68,0.7294638582957638,0.9807967838841782,0.19538139142038297,0.987030371881727,equal_weak_measurement,0.8757658845611187,1.0
3,0.6900000000000001,0.7373559417487038,0.9831451223043983,0.1902767979311899,0.9886347349679336,equal_weak_measurement,0.8782195129815489,1.0
3,0.7000000000000001,0.7453187664281977,0.9851936388993342,0.1856107306622125,0.9900300224880565,equal_weak_measurement,0.8807886552931954,1.0
3,0.71,0.7533454881855747,0.9869878557866467,0.18132451923122625,0.9912488784559906,equal_weak_measurement,0.8834709897762802,1.0
3,0.72,0.7614302038421991,0.9885646577556085,0.17737017949343212,0.9923175699099728,equal_weak_measurement,0.8862641583165594,1.0
3,0.73,0.7695677813612904,0.989954287195201,0.17370796929182844,0.9932574989845222,equal_weak_measurement,0.8891657744458009,1.0
3,0.74,0.7777537279859291,0.9911817966283241,0.17030460954218954,0.9940862947806491,equal_weak_measurement,0.8921734310225515,1.0
3,0.75,0.7859840862843609,0.9922681273685046,0.16713196303192962,0.9948186178928351,equal_weak_measurement,0.8952847075210475,1.0
3,0.76,0.7942553510978922,0.9932309244051594,0.1641660356248798,0.995466763758973,equal_weak_measurement,0.8984971769034256,1.0
3,0.77,0.8025644024047295,0.994085161380229,0.16138620931283992,0.9960411222223463,equal_weak_measurement,0.9018084120572888,1.0
3,0.78,0.8109084504802977,0.9948436263653322,0.15877464506972105,0.9965505324319236,equal_weak_measurement,0.9052159917870962,1.0
3,0.79,0.8192849906814375,0.9955173039725882,0.1563158121099658,0.9970025603140312,equal_weak_measurement,0.9087175063537162,1.0
3,0.8,0.827691765850594,0.996115679156172,0.1539961126282821,0.9974037179237313,equal_weak_measurement,0.9123105625617661,1.0
3,0.81,0.8361267348167281,0.996646981097963,0.15180357961777932,0.9977596385943692,equal_weak_measurement,0.9159927883990299,1.0
3,0.8200000000000001,0.8445880458205643,0.9971183807173534,0.14972763129074768,0.9980752180697245,equal_weak_measurement,0.9197618372363072,1.0
3,0.8300000000000001,0.8530740139516628,0.9975361519065069,0.14775886981918848,0.9983547291727797,equal_weak_measurement,0.9236153915995027,1.0
3,0.84,0.8615831018797305,0.9979058041189897,0.14588891512362007,0.9986019156838217,equal_weak_measurement,0.9275511665286389,1.0
3,0.85,0.8701139033105847,0.9982321921362562,0.14411026663177928,0.998820069736324,equal_weak_measurement,0.9315669125408017,1.0
3,0.86,0.8786651287107182,0.9985196075049063,0.1424161875464201,0.9990120960370806,equal_weak_measurement,0.9356604182158392,1.0
3,0.87,0.8872355929324299,0.9987718551431242,0.14080060736855257,0.9991805654725474,equal_weak_measurement,0.9398295124249849,1.0
3,0.88,0.8958242044403166,0.9989923178640283,0.13925803933309738,0.9993277601041378,equal_weak_measurement,0.9440720662234903,1.0
3,0.89,0.9044299558942056,0.9991840109914021,0.1377835101077976,0.9994557111309771,equal_weak_measurement,0.9483859944289073,1.0
3,0.9,0.913051915886795,0.9993496288031211,0.1363724996398605,0.9995662310738047,equal_weak_measurement,0.9527692569068709,1.0
3,0.91,0.9216892216688228,0.9994915841960803,0.13502088944877463,0.9996609411828316,equal_weak_measurement,0.9572198595861733,1.0
3,0.92,0.9303410727224835,0.9996120426994388,0.13372491798749606,0.9997412948770568,equal_weak_measurement,0.9617358552246078,1.0
3,0.93,0.9390067250664249,0.9997129517526595,0.13248114194930782,0.9998085978693347,equal_weak_measurement,0.9663153439465616,1.0
3,0.9400000000000001,0.9476854861941469,0.9997960659980214,0.13128640260011437,0.9998640255104572,equal_weak_measurement,0.9709564735726648,1.0
3,0.9500000000000001,0.9563767105627808,0.9998629692041021,0.13013779637767572,0.9999086377892688,equal_weak_measurement,0.9756574397610112,1.0
3,0.96,0.9650797955617582,0.9999150933297767,0.1290326491293141,0.9999433923488188,equal_weak_measurement,0.9804164859785726,1.0
3,0.97,0.9737941779012703,0.999953735151883,0.1279684934647953,0.9999691558165681,equal_weak_measurement,0.9852319033204638,1.0
3,0.98,0.9825193303690634,0.9999800708095223,0.12694304878657878,0.9999867136964898,equal_weak_measurement,0.9901020301937138,1.0
3,0.99,0.9912547589113894,0.9999951685607006,0.12595420362957918,0.9999967790300924,equal_weak_measurement,0.995025251881154,1.0
3,1.0,1.0,1.0,0.125,1.0,projective_each_slot,1.0,1.0
4,0.0,1.0,0.5,1.0,0.0,no_record,1.0,1.0
4,0.01,0.995,0.5,1.0,0.0,no_record,0.995025251881154,1.0
4,0.02,0.99,0.5,1.0,0.0,no_record,0.9901020301937138,1.0
4,0.03,0.985,0.5,1.0,0.0,no_record,0.9852319033204638,1.0
4,0.04,0.98,0.5,1.0,0.0,no_record,0.9804164859785726,1.0
4,0.05,0.975,0.5,1.0,0.0,no_record,0.9756574397610112,1.0
4,0.06,0.97,0.5,1.0,0.0,no_record,0.9709564735726647,1.0
4,0.07,0.965,0.5,1.0,0.0,no_record,0.9663153439465615,1.0
4,0.08,0.9600000000000001,0.5,1.0,0.0,no_record,0.9617358552246078,1.0
4,0.09,0.9550000000000001,0.5,1.0,0.0,no_record,0.9572198595861733,1.0
4,0.1,0.9500000000000001,0.5,1.0,0.0,no_record,0.9527692569068709,1.0
4,0.11,0.9450000000000001,0.5,1.0,0.0,no_record,0.9483859944289073,1.0
4,0.12,0.94,0.5,1.0,0.0,no_record,0.9440720662234903,1.0
4,0.13,0.935,0.5,1.0,0.0,no_record,0.9398295124249849,1.0
4,0.14,0.9299999999999999,0.5,1.0,0.0,no_record,0.9356604182158392,1.0
4,0.15,0.9249999999999999,0.5,1.0,0.0,no_record,0.9315669125408017,1.0
4,0.16,0.9199999999999999,0.5,1.0,0.0,no_record,0.9275511665286389,1.0
4,0.17,0.9149999999999999,0.5,1.0,0.0,no_record,0.9236153915995027,1.0
4,0.18,0.91,0.5,1.0,0.0,no_record,0.9197618372363072,1.0
4,0.19,0.905,0.5,1.0,0.0,no_record,0.9159927883990299,1.0
4,0.2,0.9,0.5,1.0,0.0,no_record,0.9123105625617661,1.0
4,0.21,0.895,0.5,1.0,0.0,no_record,0.9087175063537162,1.0
4,0.22,0.89,0.5,1.0,0.0,no_record,0.9052159917870962,1.0
4,0.23,0.885,0.5,1.0,0.0,no_record,0.9018084120572888,1.0
4,0.24,0.88,0.5,1.0,0.0,no_record,0.8984971769034256,1.0
4,0.25,0.875,0.5,1.0,0.0,no_record,0.8952847075210475,1.0
4,0.26,0.87,0.5,1.0,0.0,no_record,0.8921734310225515,1.0
4,0.27,0.865,0.5,1.0,0.0,no_record,0.8891657744458009,1.0
4,0.28,0.86,0.5,1.0,0.0,no_record,0.8862641583165594,1.0
4,0.29,0.855,0.5,1.0,0.0,no_record,0.8834709897762802,1.0
4,0.3,0.85,0.5,1.0,0.0,no_record,0.8807886552931954,1.0
4,0.31,0.845,0.5,1.0,0.0,no_record,0.8782195129815489,1.0
4,0.32,0.84,0.5,1.0,0.0,no_record,0.8757658845611187,1.0
4,0.33,0.835,0.5,1.0,0.0,no_record,0.8734300469967569,1.0
4,0.34,0.83,0.5,1.0,0.0,no_record,0.8712142238654117,1.0
4,0.35000000000000003,0.825,0.5,1.0,0.0,no_record,0.869120576505835,1.0
4,0.36,0.8200000000000001,0.5,1.0,0.0,no_record,0.8671511950137164,1.0
4,0.37,0.815,0.5,1.0,0.0,no_record,0.8653080891521566,1.0
4,0.38,0.81,0.5,1.0,0.0,no_record,0.8635931792539568,1.0
4,0.39,0.8049999999999999,0.5,1.0,0.0,no_record,0.8620082871979591,1.0
4,0.4,0.8,0.5,1.0,0.0,no_record,0.860555127546399,1.0
4,0.41000000000000003,0.7949999999999999,0.5,1.0,0.0,no_record,0.8592352989337211,1.0
4,0.42,0.79,0.5,1.0,0.0,no_record,0.8580502757993631,1.0
4,0.43,0.785,0.5,1.0,0.0,no_record,0.8570014005574769,1.0
4,0.44,0.78,0.5,1.0,0.0,no_record,0.8560898762952971,1.0
4,0.45,0.775,0.5,1.0,0.0,no_record,0.8553167600887974,1.0
4,0.46,0.77,0.5,1.0,0.0,no_record,0.854682957019364,1.0
4,0.47000000000000003,0.765,0.5,1.0,0.0,no_record,0.8541892149684968,1.0
4,0.48,0.76,0.5,1.0,0.0,no_record,0.8538361202590827,1.0
4,0.49,0.755,0.5,1.0,0.0,no_record,0.8536240942017385,1.0
4,0.5,0.75,0.5,1.0,0.0,no_record,0.8535533905932737,1.0
4,0.51,0.745,0.5,1.0,0.0,no_record,0.8536240942017385,1.0
4,0.52,0.74,0.5,1.0,0.0,no_record,0.8538361202590827,1.0
4,0.53,0.735,0.5,1.0,0.0,no_record,0.8541892149684968,1.0
4,0.54,0.73,0.5,1.0,0.0,no_record,0.8546829570193639,1.0
4,0.55,0.725,0.5,1.0,0.0,no_record,0.8553167600887974,1.0
4,0.56,0.72,0.5,1.0,0.0,no_record,0.8560898762952971,1.0
4,0.5700000000000001,0.715,0.5,1.0,0.0,no_record,0.8570014005574769,1.0
4,0.58,0.71,0.5,1.0,0.0,no_record,0.8580502757993631,1.0
4,0.59,0.7050000000000001,0.5,1.0,0.0,no_record,0.8592352989337211,1.0
4,0.6,0.7,0.5,1.0,0.0,no_record,0.860555127546399,1.0
4,0.61,0.6950000000000001,0.5,1.0,0.0,no_record,0.8620082871979591,1.0
4,0.62,0.69,0.5,1.0,0.0,no_record,0.8635931792539568,1.0
4,0.63,0.685,0.5,1.0,0.0,no_record,0.8653080891521566,1.0
4,0.64,0.6799999999999999,0.5,1.0,0.0,no_record,0.8671511950137164,1.0
4,0.65,0.6756385825695097,0.9924348010621744,0.08730274822598949,0.9961957470241134,equal_weak_measurement,0.869120576505835,1.0
4,0.66,0.684702229810445,0.993272495571763,0.08571289039141614,0.9966191410866483,equal_weak_measurement,0.8712142238654117,1.0
4,0.67,0.6937890677796643,0.994014790821032,0.08423987251385721,0.9969938673053547,equal_weak_measurement,0.8734300469967569,1.0
4,0.68,0.7028971076760882,0.9946743700872884,0.08287042505228746,0.9973264825974066,equal_weak_measurement,0.8757658845611187,1.0
4,0.6900000000000001,0.7120245988761973,0.9952618403171234,0.08159331953994244,0.9976224545063167,equal_weak_measurement,0.8782195129815489,1.0
4,0.7000000000000001,0.7211699919582708,0.9957861421160443,0.0803989749234656,0.9978863794073902,equal_weak_measurement,0.8807886552931954,1.0
4,0.71,0.7303319087873517,0.9962548648055936,0.07927915439786298,0.998122149538058,equal_weak_measurement,0.8834709897762802,1.0
4,0.72,0.7395091180666366,0.9966744916689485,0.0782267288035487,0.998333082543554,equal_weak_measurement,0.8862641583165594,1.0
4,0.73,0.7487005151739708,0.9970505930706228,0.07723548974968948,0.9985220231392328,equal_weak_measurement,0.8891657744458009,1.0
4,0.74,0.7579051053952425,0.9973879801197006,0.07630000041024626,0.9986914237421525,equal_weak_measurement,0.8921734310225515,1.0
4,0.75,0.767121989877959,0.9976908280957113,0.07541547522470238,0.9988434090406121,equal_weak_measurement,0.8952847075210475,1.0
4,0.76,0.7763503537832449,0.9979627764412435,0.07457768203291622,0.9989798281562091,equal_weak_measurement,0.8984971769034256,1.0
4,0.77,0.7855894562295538,0.9982070104080121,0.07378286180601924,0.999102297121589,equal_weak_measurement,0.9018084120572888,1.0
4,0.78,0.7948386217079273,0.9984263282041381,0.0730276623122703,0.9992122337272907,equal_weak_measurement,0.9052159917870962,1.0
4,0.79,0.8040972327144299,0.9986231965846886,0.07230908291678993,0.9993108863030016,equal_weak_measurement,0.9087175063537162,1.0
4,0.8,0.8133647233959783,0.9987997971574064,0.07162442835026604,0.9993993576384955,equal_weak_measurement,0.9123105625617661,1.0
4,0.81,0.8226405740450208,0.9989580651741546,0.07097126975766042,0.9994786249809194,equal_weak_measurement,0.9159927883990299,1.0
4,0.8200000000000001,0.8319243063092705,0.9990997221996009,0.0703474116977648,0.9995495568426276,equal_weak_measurement,0.9197618372363072,1.0
4,0.8300000000000001,0.8412154790069437,0.9992263037593854,0.06975086403914035,0.9996129271996512,equal_weak_measurement,0.9236153915995027,1.0
4,0.84,0.8505136844572688,0.9993391828473056,0.0691798179095756,0.9996694275425497,equal_weak_measurement,0.9275511665286389,1.0
4,0.85,0.8598185452514857,0.9994395899981154,0.0686326250205837,0.9997196771497336,equal_weak_measurement,0.9315669125408017,1.0
4,0.86,0.8691297114020532,0.9995286304972655,0.06810777981717832,0.9997642318818292,equal_weak_measurement,0.9356604182158392,1.0
4,0.87,0.8784468578178859,0.9996072991922695,0.06760390400470341,0.9998035917394038,equal_weak_measurement,0.9398295124249849,1.0
4,0.88,0.8877696820617401,0.9996764932858209,0.06711973308514829,0.9998382073818686,equal_weak_measurement,0.9440720662234903,1.0
4,0.89,0.8970979023526382,0.9997370234232058,0.06665410459986314,0.9998684857698884,equal_weak_measurement,0.9483859944289073,1.0
4,0.9,0.906431255781841,0.9997896233323267,0.06620594782746989,0.9998947950652103,equal_weak_measurement,0.9527692569068709,1.0
4,0.91,0.9157694967155282,0.9998349582308037,0.06577427472774222,0.99991746889889,equal_weak_measurement,0.9572198595861733,1.0
4,0.92,0.9251123953612129,0.9998736321790243,0.06535817195638244,0.9999368101003193,equal_weak_measurement,0.9617358552246078,1.0
4,0.93,0.9344597364781747,0.9999061945289521,0.06495679380355962,0.999953093964315,equal_weak_measurement,0.9663153439465616,1.0
4,0.9400000000000001,0.9438113182149139,0.999933145594672,0.06456935593203679,0.9999665711211384,equal_weak_measurement,0.9709564735726648,1.0
4,0.9500000000000001,0.9531669510589371,0.9999549416510038,0.0641951298096687,0.9999774700641163,equal_weak_measurement,0.9756574397610112,1.0
4,0.96,0.962526456886131,0.9999719993502698,0.06383343774680092,0.9999859993811117,equal_weak_measurement,0.9804164859785726,1.0
4,0.97,0.9718896680986467,0.9999846996337953,0.0634836484621759,0.9999923497291081,equal_weak_measurement,0.9852319033204638,1.0
4,0.98,0.9812564268416182,0.9999933912034484,0.06314517311194014,0.9999966955853455,equal_weak_measurement,0.9901020301937138,1.0
4,0.99,0.9906265842902725,0.9999983936091084,0.06281746172553258,0.9999991968035865,equal_weak_measurement,0.995025251881154,1.0
4,1.0,1.0,1.0,0.0625,1.0,projective_each_slot,1.0,1.0
8,0.0,1.0,0.5,1.0,0.0,no_record,1.0,1.0
8,0.01,0.995,0.5,1.0,0.0,no_record,0.995025251881154,1.0
8,0.02,0.99,0.5,1.0,0.0,no_record,0.9901020301937138,1.0
8,0.03,0.985,0.5,1.0,0.0,no_record,0.9852319033204638,1.0
8,0.04,0.98,0.5,1.0,0.0,no_record,0.9804164859785726,1.0
8,0.05,0.975,0.5,1.0,0.0,no_record,0.9756574397610112,1.0
8,0.06,0.97,0.5,1.0,0.0,no_record,0.9709564735726647,1.0
8,0.07,0.965,0.5,1.0,0.0,no_record,0.9663153439465615,1.0
8,0.08,0.9600000000000001,0.5,1.0,0.0,no_record,0.9617358552246078,1.0
8,0.09,0.9550000000000001,0.5,1.0,0.0,no_record,0.9572198595861733,1.0
8,0.1,0.9500000000000001,0.5,1.0,0.0,no_record,0.9527692569068709,1.0
8,0.11,0.9450000000000001,0.5,1.0,0.0,no_record,0.9483859944289073,1.0
8,0.12,0.94,0.5,1.0,0.0,no_record,0.9440720662234903,1.0
8,0.13,0.935,0.5,1.0,0.0,no_record,0.9398295124249849,1.0
8,0.14,0.9299999999999999,0.5,1.0,0.0,no_record,0.9356604182158392,1.0
8,0.15,0.9249999999999999,0.5,1.0,0.0,no_record,0.9315669125408017,1.0
8,0.16,0.9199999999999999,0.5,1.0,0.0,no_record,0.9275511665286389,1.0
8,0.17,0.9149999999999999,0.5,1.0,0.0,no_record,0.9236153915995027,1.0
8,0.18,0.91,0.5,1.0,0.0,no_record,0.9197618372363072,1.0
8,0.19,0.905,0.5,1.0,0.0,no_record,0.9159927883990299,1.0
8,0.2,0.9,0.5,1.0,0.0,no_record,0.9123105625617661,1.0
8,0.21,0.895,0.5,1.0,0.0,no_record,0.9087175063537162,1.0
8,0.22,0.89,0.5,1.0,0.0,no_record,0.9052159917870962,1.0
8,0.23,0.885,0.5,1.0,0.0,no_record,0.9018084120572888,1.0
8,0.24,0.88,0.5,1.0,0.0,no_record,0.8984971769034256,1.0
8,0.25,0.875,0.5,1.0,0.0,no_record,0.8952847075210475,1.0
8,0.26,0.87,0.5,1.0,0.0,no_record,0.8921734310225515,1.0
8,0.27,0.865,0.5,1.0,0.0,no_record,0.8891657744458009,1.0
8,0.28,0.86,0.5,1.0,0.0,no_record,0.8862641583165594,1.0
8,0.29,0.855,0.5,1.0,0.0,no_record,0.8834709897762802,1.0
8,0.3,0.85,0.5,1.0,0.0,no_record,0.8807886552931954,1.0
8,0.31,0.845,0.5,1.0,0.0,no_record,0.8782195129815489,1.0
8,0.32,0.84,0.5,1.0,0.0,no_record,0.8757658845611187,1.0
8,0.33,0.835,0.5,1.0,0.0,no_record,0.8734300469967569,1.0
8,0.34,0.83,0.5,1.0,0.0,no_record,0.8712142238654117,1.0
8,0.35000000000000003,0.825,0.5,1.0,0.0,no_record,0.869120576505835,1.0
8,0.36,0.8200000000000001,0.5,1.0,0.0,no_record,0.8671511950137164,1.0
8,0.37,0.815,0.5,1.0,0.0,no_record,0.8653080891521566,1.0
8,0.38,0.81,0.5,1.0,0.0,no_record,0.8635931792539568,1.0
8,0.39,0.8049999999999999,0.5,1.0,0.0,no_record,0.8620082871979591,1.0
8,0.4,0.8,0.5,1.0,0.0,no_record,0.860555127546399,1.0
8,0.41000000000000003,0.7949999999999999,0.5,1.0,0.0,no_record,0.8592352989337211,1.0
8,0.42,0.79,0.5,1.0,0.0,no_record,0.8580502757993631,1.0
8,0.43,0.785,0.5,1.0,0.0,no_record,0.8570014005574769,1.0
8,0.44,0.78,0.5,1.0,0.0,no_record,0.8560898762952971,1.0
8,0.45,0.775,0.5,1.0,0.0,no_record,0.8553167600887974,1.0
8,0.46,0.77,0.5,1.0,0.0,no_record,0.854682957019364,1.0
8,0.47000000000000003,0.765,0.5,1.0,0.0,no_record,0.8541892149684968,1.0
8,0.48,0.76,0.5,1.0,0.0,no_record,0.8538361202590827,1.0
8,0.49,0.755,0.5,1.0,0.0,no_record,0.8536240942017385,1.0
8,0.5,0.75,0.5,1.0,0.0,no_record,0.8535533905932737,1.0
8,0.51,0.745,0.5,1.0,0.0,no_record,0.8536240942017385,1.0
8,0.52,0.74,0.5,1.0,0.0,no_record,0.8538361202590827,1.0
8,0.53,0.735,0.5,1.0,0.0,no_record,0.8541892149684968,1.0
8,0.54,0.73,0.5,1.0,0.0,no_record,0.8546829570193639,1.0
8,0.55,0.725,0.5,1.0,0.0,no_record,0.8553167600887974,1.0
8,0.56,0.72,0.5,1.0,0.0,no_record,0.8560898762952971,1.0
8,0.5700000000000001,0.715,0.5,1.0,0.0,no_record,0.8570014005574769,1.0
8,0.58,0.71,0.5,1.0,0.0,no_record,0.8580502757993631,1.0
8,0.59,0.7050000000000001,0.5,1.0,0.0,no_record,0.8592352989337211,1.0
8,0.6,0.7,0.5,1.0,0.0,no_record,0.860555127546399,1.0
8,0.61,0.6950000000000001,0.5,1.0,0.0,no_record,0.8620082871979591,1.0
8,0.62,0.69,0.5,1.0,0.0,no_record,0.8635931792539568,1.0
8,0.63,0.685,0.5,1.0,0.0,no_record,0.8653080891521566,1.0
8,0.64,0.6799999999999999,0.5,1.0,0.0,no_record,0.8671511950137164,1.0
8,0.65,0.675,0.5,1.0,0.0,no_record,0.869120576505835,1.0
8,0.66,0.6699999999999999,0.5,1.0,0.0,no_record,0.8712142238654117,1.0
8,0.67,0.6713094576843054,0.9999687014509875,0.004031599127708462,0.9999921751484512,equal_weak_measurement,0.8734300469967569,1.0
8,0.68,0.6812688721197226,0.9999715010669712,0.0040257856068195135,0.9999928750890701,equal_weak_measurement,0.8757658845611187,1.0
8,0.6900000000000001,0.6912283706511477,0.9999740876553286,0.004020161835390286,0.9999935217669478,equal_weak_measurement,0.8782195129815489,1.0
8,0.7000000000000001,0.7011879493763172,0.9999764768290723,0.004014718653221649,0.9999941190862215,equal_weak_measurement,0.8807886552931954,1.0
8,0.71,0.7111476046311552,0.9999786829035191,0.004009447481574837,0.9999946706264731,equal_weak_measurement,0.8834709897762802,1.0
8,0.72,0.7211073329718417,0.9999807190195766,0.004004340277666244,0.9999951796735705,equal_weak_measurement,0.8862641583165594,1.0
8,0.73,0.73106713115848,0.9999825972537915,0.00399938949337851,0.9999956492471967,equal_weak_measurement,0.8891657744458009,1.0
8,0.74,0.7410269961401951,0.9999843287167343,0.0039945880377372615,0.9999960821254599,equal_weak_measurement,0.8921734310225515,1.0
8,0.75,0.7509869250415276,0.9999859236411173,0.003989929242758432,0.9999964808669346,equal_weak_measurement,0.8952847075210475,1.0
8,0.76,0.7609469151499857,0.9999873914608282,0.0039854068323175,0.9999968478304306,equal_weak_measurement,0.8984971769034256,1.0
8,0.77,0.770906963904641,0.9999887408819252,0.003981014893732677,0.9999971851927505,equal_weak_measurement,0.9018084120572888,1.0
8,0.78,0.7808670688856746,0.999989979946514,0.00397674785178956,0.9999974949646654,equal_weak_measurement,0.9052159917870962,1.0
8,0.79,0.7908272278047767,0.9999911160902959,0.003972600444965717,0.9999977790053092,equal_weak_measurement,0.9087175063537162,1.0
8,0.8,0.8007874384963176,0.9999921561944869,0.003968567703640258,0.9999980390351629,equal_weak_measurement,0.9123105625617661,1.0
8,0.81,0.810747698909227,0.9999931066327264,0.00396464493009777,0.9999982766477868,equal_weak_measurement,0.9159927883990299,1.0
8,0.8200000000000001,0.8207080070995066,0.9999939733135104,0.003960827680156033,0.9999984933204323,equal_weak_measurement,0.9197618372363072,1.0
8,0.8300000000000001,0.8306683612233234,0.9999947617186243,0.003957111746265642,0.9999986904236536,equal_weak_measurement,0.9236153915995027,1.0
8,0.84,0.8406287595306324,0.9999954769380014,0.003953493141945625,0.9999988692300251,equal_weak_measurement,0.9275511665286389,1.0
8,0.85,0.8505892003592834,0.9999961237013746,0.003949968087433187,0.9999990309220568,equal_weak_measurement,0.9315669125408017,1.0
8,0.86,0.8605496821295613,0.9999967064070464,0.003946532996438394,0.9999991765993886,equal_weak_measurement,0.9356604182158392,1.0
8,0.87,0.870510203339135,0.9999972291480772,0.00394318446390575,0.9999993072853398,equal_weak_measurement,0.9398295124249849,1.0
8,0.88,0.8804707625583706,0.9999976957361446,0.003939919254694255,0.9999994239328747,equal_weak_measurement,0.9440720662234903,1.0
8,0.89,0.8904313584259792,0.9999981097233018,0.0039367342930964715,0.9999995274300438,equal_weak_measurement,0.9483859944289073,1.0
8,0.9,0.9003919896449806,0.9999984744218534,0.0039336266531249005,0.9999996186049542,equal_weak_measurement,0.9527692569068709,1.0
8,0.91,0.9103526549789437,0.9999987929225149,0.003930593549500784,0.99999969823031,equal_weak_measurement,0.9572198595861733,1.0
8,0.92,0.9203133532484906,0.99999906811103,0.003927632329286729,0.9999997670275675,equal_weak_measurement,0.9617358552246078,1.0
8,0.93,0.9302740833280406,0.9999993026833902,0.003924740464109831,0.9999998256707412,equal_weak_measurement,0.9663153439465616,1.0
8,0.9400000000000001,0.9402348441427733,0.9999994991597846,0.003921915542928224,0.9999998747898913,equal_weak_measurement,0.9709564735726648,1.0
8,0.9500000000000001,0.9501956346657984,0.9999996598974037,0.003919155265295117,0.9999999149743256,equal_weak_measurement,0.9756574397610112,1.0
8,0.96,0.9601564539155079,0.9999997871021923,0.0039164574350832706,0.9999999467755382,equal_weak_measurement,0.9804164859785726,1.0
8,0.97,0.9701173009531082,0.999999882839659,0.0039138199546318595,0.9999999707099118,equal_weak_measurement,0.9852319033204638,1.0
8,0.98,0.9800781748803066,0.9999999490448173,0.003911240819283569,0.9999999872612038,equal_weak_measurement,0.9901020301937138,1.0
8,0.99,0.9900390748371509,0.9999999875313416,0.003908718112281714,0.9999999968828354,equal_weak_measurement,0.995025251881154,1.0
8,1.0,1.0,1.0,0.00390625,1.0,projective_each_slot,1.0,1.0
16,0.0,1.0,0.5,1.0,0.0,no_record,1.0,1.0
16,0.01,0.995,0.5,1.0,0.0,no_record,0.995025251881154,1.0
16,0.02,0.99,0.5,1.0,0.0,no_record,0.9901020301937138,1.0
16,0.03,0.985,0.5,1.0,0.0,no_record,0.9852319033204638,1.0
16,0.04,0.98,0.5,1.0,0.0,no_record,0.9804164859785726,1.0
16,0.05,0.975,0.5,1.0,0.0,no_record,0.9756574397610112,1.0
16,0.06,0.97,0.5,1.0,0.0,no_record,0.9709564735726647,1.0
16,0.07,0.965,0.5,1.0,0.0,no_record,0.9663153439465615,1.0
16,0.08,0.9600000000000001,0.5,1.0,0.0,no_record,0.9617358552246078,1.0
16,0.09,0.9550000000000001,0.5,1.0,0.0,no_record,0.9572198595861733,1.0
16,0.1,0.9500000000000001,0.5,1.0,0.0,no_record,0.9527692569068709,1.0
16,0.11,0.9450000000000001,0.5,1.0,0.0,no_record,0.9483859944289073,1.0
16,0.12,0.94,0.5,1.0,0.0,no_record,0.9440720662234903,1.0
16,0.13,0.935,0.5,1.0,0.0,no_record,0.9398295124249849,1.0
16,0.14,0.9299999999999999,0.5,1.0,0.0,no_record,0.9356604182158392,1.0
16,0.15,0.9249999999999999,0.5,1.0,0.0,no_record,0.9315669125408017,1.0
16,0.16,0.9199999999999999,0.5,1.0,0.0,no_record,0.9275511665286389,1.0
16,0.17,0.9149999999999999,0.5,1.0,0.0,no_record,0.9236153915995027,1.0
16,0.18,0.91,0.5,1.0,0.0,no_record,0.9197618372363072,1.0
16,0.19,0.905,0.5,1.0,0.0,no_record,0.9159927883990299,1.0
16,0.2,0.9,0.5,1.0,0.0,no_record,0.9123105625617661,1.0
16,0.21,0.895,0.5,1.0,0.0,no_record,0.9087175063537162,1.0
16,0.22,0.89,0.5,1.0,0.0,no_record,0.9052159917870962,1.0
16,0.23,0.885,0.5,1.0,0.0,no_record,0.9018084120572888,1.0
16,0.24,0.88,0.5,1.0,0.0,no_record,0.8984971769034256,1.0
16,0.25,0.875,0.5,1.0,0.0,no_record,0.8952847075210475,1.0
16,0.26,0.87,0.5,1.0,0.0,no_record,0.8921734310225515,1.0
16,0.27,0.865,0.5,1.0,0.0,no_record,0.8891657744458009,1.0
16,0.28,0.86,0.5,1.0,0.0,no_record,0.8862641583165594,1.0
16,0.29,0.855,0.5,1.0,0.0,no_record,0.8834709897762802,1.0
16,0.3,0.85,0.5,1.0,0.0,no_record,0.8807886552931954,1.0
16,0.31,0.845,0.5,1.0,0.0,no_record,0.8782195129815489,1.0
16,0.32,0.84,0.5,1.0,0.0,no_record,0.8757658845611187,1.0
16,0.33,0.835,0.5,1.0,0.0,no_record,0.8734300469967569,1.0
16,0.34,0.83,0.5,1.0,0.0,no_record,0.8712142238654117,1.0
16,0.35000000000000003,0.825,0.5,1.0,0.0,no_record,0.869120576505835,1.0
16,0.36,0.8200000000000001,0.5,1.0,0.0,no_record,0.8671511950137164,1.0
16,0.37,0.815,0.5,1.0,0.0,no_record,0.8653080891521566,1.0
16,0.38,0.81,0.5,1.0,0.0,no_record,0.8635931792539568,1.0
16,0.39,0.8049999999999999,0.5,1.0,0.0,no_record,0.8620082871979591,1.0
16,0.4,0.8,0.5,1.0,0.0,no_record,0.860555127546399,1.0
16,0.41000000000000003,0.7949999999999999,0.5,1.0,0.0,no_record,0.8592352989337211,1.0
16,0.42,0.79,0.5,1.0,0.0,no_record,0.8580502757993631,1.0
16,0.43,0.785,0.5,1.0,0.0,no_record,0.8570014005574769,1.0
16,0.44,0.78,0.5,1.0,0.0,no_record,0.8560898762952971,1.0
16,0.45,0.775,0.5,1.0,0.0,no_record,0.8553167600887974,1.0
16,0.46,0.77,0.5,1.0,0.0,no_record,0.854682957019364,1.0
16,0.47000000000000003,0.765,0.5,1.0,0.0,no_record,0.8541892149684968,1.0
16,0.48,0.76,0.5,1.0,0.0,no_record,0.8538361202590827,1.0
16,0.49,0.755,0.5,1.0,0.0,no_record,0.8536240942017385,1.0
16,0.5,0.75,0.5,1.0,0.0,no_record,0.8535533905932737,1.0
16,0.51,0.745,0.5,1.0,0.0,no_record,0.8536240942017385,1.0
16,0.52,0.74,0.5,1.0,0.0,no_record,0.8538361202590827,1.0
16,0.53,0.735,0.5,1.0,0.0,no_record,0.8541892149684968,1.0
16,0.54,0.73,0.5,1.0,0.0,no_record,0.8546829570193639,1.0
16,0.55,0.725,0.5,1.0,0.0,no_record,0.8553167600887974,1.0
16,0.56,0.72,0.5,1.0,0.0,no_record,0.8560898762952971,1.0
16,0.5700000000000001,0.715,0.5,1.0,0.0,no_record,0.8570014005574769,1.0
16,0.58,0.71,0.5,1.0,0.0,no_record,0.8580502757993631,1.0
16,0.59,0.7050000000000001,0.5,1.0,0.0,no_record,0.8592352989337211,1.0
16,0.6,0.7,0.5,1.0,0.0,no_record,0.860555127546399,1.0
16,0.61,0.6950000000000001,0.5,1.0,0.0,no_record,0.8620082871979591,1.0
16,0.62,0.69,0.5,1.0,0.0,no_record,0.8635931792539568,1.0
16,0.63,0.685,0.5,1.0,0.0,no_record,0.8653080891521566,1.0
16,0.64,0.6799999999999999,0.5,1.0,0.0,no_record,0.8671511950137164,1.0
16,0.65,0.675,0.5,1.0,0.0,no_record,0.869120576505835,1.0
16,0.66,0.6699999999999999,0.5,1.0,0.0,no_record,0.8712142238654117,1.0
16,0.67,0.6700050360060265,0.9999999990958637,1.526245999302936e-05,0.999999999886983,equal_weak_measurement,0.8734300469967569,1.0
16,0.68,0.6800048833736063,0.9999999991746673,1.526229635144147e-05,0.9999999998968334,equal_weak_measurement,0.8757658845611187,1.0
16,0.6900000000000001,0.6900047307435572,0.9999999992477466,1.5262137457810502e-05,0.9999999999059683,equal_weak_measurement,0.8782195129815489,1.0
16,0.7000000000000001,0.7000045781157792,0.9999999993154951,1.5261983108452886e-05,0.9999999999144369,equal_weak_measurement,0.8807886552931954,1.0
16,0.71,0.7100044254901737,0.9999999993782698,1.5261833111171113e-05,0.9999999999222837,equal_weak_measurement,0.8834709897762802,1.0
16,0.72,0.7200042728666523,0.9999999994364064,1.526168728445573e-05,0.9999999999295508,equal_weak_measurement,0.8862641583165594,1.0
16,0.73,0.7300041202451288,0.9999999994902131,1.526154545675227e-05,0.9999999999362766,equal_weak_measurement,0.8891657744458009,1.0
16,0.74,0.7400039676255215,0.9999999995399733,1.526140746578825e-05,0.9999999999424967,equal_weak_measurement,0.8921734310225515,1.0
16,0.75,0.7500038150077533,0.9999999995859516,1.526127315795328e-05,0.999999999948244,equal_weak_measurement,0.8952847075210475,1.0
16,0.76,0.7600036623917533,0.999999999628395,1.5261142387729427e-05,0.9999999999535494,equal_weak_measurement,0.8984971769034256,1.0
16,0.77,0.7700035097774521,0.99999999966753,1.5261015017164695e-05,0.9999999999584412,equal_weak_measurement,0.9018084120572888,1.0
16,0.78,0.780003357164783,0.999999999703566,1.526089091538779e-05,0.9999999999629458,equal_weak_measurement,0.9052159917870962,1.0
16,0.79,0.7900032045536846,0.9999999997367004,1.526076995815957e-05,0.9999999999670875,equal_weak_measurement,0.9087175063537162,1.0
16,0.8,0.8000030519440984,0.9999999997671161,1.5260652027458196e-05,0.9999999999708895,equal_weak_measurement,0.9123105625617661,1.0
16,0.81,0.8100028993359681,0.9999999997949827,1.526053701109507e-05,0.9999999999743728,equal_weak_measurement,0.9159927883990299,1.0
16,0.8200000000000001,0.820002746729241,0.9999999998204592,1.5260424802358674e-05,0.9999999999775574,equal_weak_measurement,0.9197618372363072,1.0
16,0.8300000000000001,0.8300025941238648,0.9999999998436913,1.5260315299684615e-05,0.9999999999804614,equal_weak_measurement,0.9236153915995027,1.0
16,0.84,0.8400024415197924,0.9999999998648184,1.5260208406348737e-05,0.9999999999831023,equal_weak_measurement,0.9275511665286389,1.0
16,0.85,0.8500022889169776,0.9999999998839684,1.5260104030182343e-05,0.999999999985496,equal_weak_measurement,0.9315669125408017,1.0
16,0.86,0.860002136315377,0.9999999999012621,1.5260002083307013e-05,0.9999999999876578,equal_weak_measurement,0.9356604182158392,1.0
16,0.87,0.8700019837149479,0.9999999999168105,1.5259902481888023e-05,0.9999999999896013,equal_weak_measurement,0.9398295124249849,1.0
16,0.88,0.8800018311156507,0.9999999999307194,1.5259805145904254e-05,0.9999999999913399,equal_weak_measurement,0.9440720662234903,1.0
16,0.89,0.8900016785174468,0.9999999999430864,1.5259709998933694e-05,0.9999999999928858,equal_weak_measurement,0.9483859944289073,1.0
16,0.9,0.9000015259203011,0.9999999999540048,1.5259616967953618e-05,0.9999999999942506,equal_weak_measurement,0.9527692569068709,1.0
16,0.91,0.9100013733241764,0.999999999963558,1.5259525983153368e-05,0.9999999999954448,equal_weak_measurement,0.9572198595861733,1.0
16,0.92,0.9200012207290416,0.9999999999718296,1.525943697775997e-05,0.9999999999964787,equal_weak_measurement,0.9617358552246078,1.0
16,0.93,0.930001068134863,0.9999999999788933,1.5259349887874103e-05,0.9999999999973617,equal_weak_measurement,0.9663153439465616,1.0
16,0.9400000000000001,0.9400009155416118,0.9999999999848219,1.525926465231944e-05,0.9999999999981027,equal_weak_measurement,0.9709564735726648,1.0
16,0.9500000000000001,0.950000762949257,0.9999999999896803,1.5259181212493366e-05,0.99999999999871,equal_weak_measurement,0.9756574397610112,1.0
16,0.96,0.9600006103577714,0.9999999999935323,1.52590995122405e-05,0.9999999999991915,equal_weak_measurement,0.9804164859785726,1.0
16,0.97,0.9700004577671284,0.9999999999964366,1.5259019497721462e-05,0.9999999999995546,equal_weak_measurement,0.9852319033204638,1.0
16,0.98,0.9800003051773017,0.9999999999984484,1.5258941117296e-05,0.999999999999806,equal_weak_measurement,0.9901020301937138,1.0
16,0.99,0.9900001525882668,0.9999999999996199,1.525886432141182e-05,0.9999999999999525,equal_weak_measurement,0.995025251881154,1.0
16,1.0,1.0,1.0,1.52587890625e-05,1.0,projective_each_slot,1.0,1.0
