n_steps,audit_probability,return_fidelity,expected_score,classical_memory_bound,collective_classical_record_bound,raw_margin_above_classical,systematic_per_branch,null_slack,adjusted_margin,alpha,beta,planned_audit_trials,planned_return_trials,planned_total_trials,planning_feasible
1,0.996505,0.992015,0.9942599999999999,0.8535533905932737,0.8535533905932737,0.1407066094067262,0.005,0.005,0.13070660940672618,0.01,0.1,196,197,393,True
2,0.99551199,0.989038955,0.9922754725,0.75,0.8535533905932737,0.24227547250000003,0.005,0.005,0.23227547250000002,0.01,0.1,62,63,125,True
3,0.9945209660200001,0.986071838135,0.9902964020775,0.75,0.8535533905932737,0.24029640207750003,0.005,0.005,0.23029640207750002,0.01,0.1,64,63,127,True
4,0.99353192408796,0.983113622620595,0.9883227733542774,0.75,0.8535533905932737,0.23832277335427743,0.005,0.005,0.22832277335427742,0.01,0.1,64,65,129,True
5,0.992544860239784,0.9801642817527332,0.9863545709962587,0.75,0.8535533905932737,0.23635457099625867,0.005,0.005,0.22635457099625866,0.01,0.1,66,65,131,True
6,0.9915597705193044,0.9772237889074751,0.9843917797133898,0.75,0.8535533905932737,0.23439177971338976,0.005,0.005,0.22439177971338975,0.01,0.1,67,67,134,True
7,0.9905766509782659,0.9742921175407525,0.9824343842595091,0.75,0.8535533905932737,0.23243438425950913,0.005,0.005,0.22243438425950912,0.01,0.1,68,68,136,True
8,0.9895954976763093,0.9713692411881303,0.9804823694322198,0.75,0.8535533905932737,0.23048236943221978,0.005,0.005,0.22048236943221977,0.01,0.1,70,69,139,True
9,0.9886163066809568,0.9684551334645659,0.9785357200727614,0.75,0.8535533905932737,0.22853572007276135,0.005,0.005,0.21853572007276134,0.01,0.1,70,71,141,True
10,0.9876390740675949,0.9655497680641723,0.9765944210658836,0.75,0.8535533905932737,0.22659442106588357,0.005,0.005,0.21659442106588356,0.01,0.1,72,72,144,True
11,0.9866637959194596,0.9626531187599797,0.9746584573397197,0.75,0.8535533905932737,0.22465845733971967,0.005,0.005,0.21465845733971967,0.01,0.1,73,73,146,True
12,0.9856904683276208,0.9597651594036998,0.9727278138656603,0.75,0.8535533905932737,0.22272781386566032,0.005,0.005,0.2127278138656603,0.01,0.1,74,75,149,True
13,0.9847190873909655,0.9568858639254886,0.970802475658227,0.75,0.8535533905932737,0.22080247565822697,0.005,0.005,0.21080247565822696,0.01,0.1,76,76,152,True
14,0.9837496492161835,0.9540152063337122,0.9688824277749478,0.75,0.8535533905932737,0.21888242777494782,0.005,0.005,0.2088824277749478,0.01,0.1,77,77,154,True
15,0.9827821499177511,0.9511531607147111,0.9669676553162312,0.75,0.8535533905932737,0.2169676553162312,0.005,0.005,0.20696765531623118,0.01,0.1,78,79,157,True
16,0.9818165856179157,0.9482997012325669,0.9650581434252413,0.75,0.8535533905932737,0.21505814342524132,0.005,0.005,0.2050581434252413,0.01,0.1,80,80,160,True
17,0.9808529524466798,0.9454548021288692,0.9631538772877746,0.75,0.8535533905932737,0.21315387728777457,0.005,0.005,0.20315387728777456,0.01,0.1,82,81,163,True
18,0.9798912465417865,0.9426184377224827,0.9612548421321345,0.75,0.8535533905932737,0.21125484213213452,0.005,0.005,0.20125484213213451,0.01,0.1,83,83,166,True
19,0.9789314640487029,0.9397905824093151,0.9593610232290091,0.75,0.8535533905932737,0.20936102322900907,0.005,0.005,0.19936102322900906,0.01,0.1,84,85,169,True
20,0.9779736011206055,0.9369712106620872,0.9574724058913464,0.75,0.8535533905932737,0.2074724058913464,0.005,0.005,0.1974724058913464,0.01,0.1,86,87,173,True
21,0.9770176539183643,0.934160297030101,0.9555889754742326,0.75,0.8535533905932737,0.2055889754742326,0.005,0.005,0.1955889754742326,0.01,0.1,88,88,176,True
22,0.9760636186105276,0.9313578161390106,0.9537107173747691,0.75,0.8535533905932737,0.2037107173747691,0.005,0.005,0.19371071737476908,0.01,0.1,90,89,179,True
23,0.9751114913733065,0.9285637426905936,0.95183761703195,0.75,0.8535533905932737,0.20183761703195002,0.005,0.005,0.19183761703195001,0.01,0.1,92,91,183,True
24,0.9741612683905598,0.9257780514625218,0.9499696599265408,0.75,0.8535533905932737,0.1999696599265408,0.005,0.005,0.1899696599265408,0.01,0.1,93,93,186,True
25,0.9732129458537788,0.9230007173081343,0.9481068315809565,0.75,0.8535533905932737,0.19810683158095654,0.005,0.005,0.18810683158095653,0.01,0.1,95,95,190,True
26,0.9722665199620713,0.9202317151562098,0.9462491175591405,0.75,0.8535533905932737,0.19624911755914054,0.005,0.005,0.18624911755914053,0.01,0.1,97,97,194,True
27,0.971321986922147,0.9174710200107412,0.9443965034664441,0.75,0.8535533905932737,0.1943965034664441,0.005,0.005,0.1843965034664441,0.01,0.1,99,99,198,True
28,0.9703793429483027,0.914718606950709,0.9425489749495058,0.75,0.8535533905932737,0.19254897494950585,0.005,0.005,0.18254897494950584,0.01,0.1,101,101,202,True
29,0.9694385842624061,0.9119744511298569,0.9407065176961316,0.75,0.8535533905932737,0.19070651769613156,0.005,0.005,0.18070651769613155,0.01,0.1,103,103,206,True
30,0.9684997070938813,0.9092385277764673,0.9388691174351743,0.75,0.8535533905932737,0.18886911743517432,0.005,0.005,0.1788691174351743,0.01,0.1,105,105,210,True
31,0.9675627076796935,0.9065108121931379,0.9370367599364158,0.75,0.8535533905932737,0.18703675993641578,0.005,0.005,0.17703675993641577,0.01,0.1,108,107,215,True
32,0.9666275822643342,0.9037912797565584,0.9352094310104463,0.75,0.8535533905932737,0.1852094310104463,0.005,0.005,0.17520943101044628,0.01,0.1,110,109,219,True
33,0.9656943270998055,0.9010799059172888,0.9333871165085472,0.75,0.8535533905932737,0.18338711650854722,0.005,0.005,0.1733871165085472,0.01,0.1,112,112,224,True
34,0.9647629384456059,0.8983766661995368,0.9315698023225714,0.75,0.8535533905932737,0.18156980232257136,0.005,0.005,0.17156980232257135,0.01,0.1,114,114,228,True
35,0.9638334125687147,0.8956815362009383,0.9297574743848265,0.75,0.8535533905932737,0.17975747438482648,0.005,0.005,0.16975747438482647,0.01,0.1,116,117,233,True
36,0.9629057457435772,0.8929944915923355,0.9279501186679564,0.75,0.8535533905932737,0.1779501186679564,0.005,0.005,0.1679501186679564,0.01,0.1,119,119,238,True
37,0.96197993425209,0.8903155081175584,0.9261477211848242,0.75,0.8535533905932737,0.17614772118482425,0.005,0.005,0.16614772118482424,0.01,0.1,122,122,244,True
38,0.9610559743835859,0.8876445615932058,0.9243502679883959,0.75,0.8535533905932737,0.17435026798839592,0.005,0.005,0.16435026798839591,0.01,0.1,124,125,249,True
39,0.9601338624348188,0.8849816279084263,0.9225577451716225,0.75,0.8535533905932737,0.17255774517162248,0.005,0.005,0.16255774517162247,0.01,0.1,127,127,254,True
40,0.9592135947099492,0.882326683024701,0.9207701388673251,0.75,0.8535533905932737,0.17077013886732506,0.005,0.005,0.16077013886732505,0.01,0.1,130,130,260,True
41,0.9582951675205292,0.8796797029756268,0.918987435248078,0.75,0.8535533905932737,0.16898743524807802,0.005,0.005,0.158987435248078,0.01,0.1,133,133,266,True
42,0.9573785771854881,0.8770406638666999,0.917209620526094,0.75,0.8535533905932737,0.167209620526094,0.005,0.005,0.157209620526094,0.01,0.1,136,136,272,True
43,0.9564638200311173,0.8744095418750998,0.9154366809531085,0.75,0.8535533905932737,0.16543668095310848,0.005,0.005,0.15543668095310847,0.01,0.1,139,139,278,True
44,0.955550892391055,0.8717863132494744,0.9136686028202647,0.75,0.8535533905932737,0.16366860282026474,0.005,0.005,0.15366860282026473,0.01,0.1,142,143,285,True
45,0.9546397906062729,0.869170954309726,0.9119053724579995,0.75,0.8535533905932737,0.16190537245799952,0.005,0.005,0.1519053724579995,0.01,0.1,146,145,291,True
46,0.9537305110250603,0.8665634414467969,0.9101469762359287,0.75,0.8535533905932737,0.16014697623592866,0.005,0.005,0.15014697623592865,0.01,0.1,149,149,298,True
47,0.9528230500030102,0.8639637511224565,0.9083934005627333,0.75,0.8535533905932737,0.15839340056273332,0.005,0.005,0.1483934005627333,0.01,0.1,152,153,305,True
48,0.9519174039030042,0.8613718598690892,0.9066446318860466,0.75,0.8535533905932737,0.1566446318860466,0.005,0.005,0.1466446318860466,0.01,0.1,156,157,313,True
49,0.9510135690951982,0.8587877442894819,0.9049006566923401,0.75,0.8535533905932737,0.1549006566923401,0.005,0.005,0.1449006566923401,0.01,0.1,160,160,320,True
50,0.9501115419570078,0.8562113810566134,0.9031614615068106,0.75,0.8535533905932737,0.15316146150681065,0.005,0.005,0.14316146150681064,0.01,0.1,164,164,328,True
51,0.9492113188730937,0.8536427469134436,0.9014270328932686,0.75,0.8535533905932737,0.15142703289326864,0.005,0.005,0.14142703289326863,0.01,0.1,168,168,336,True
52,0.9483128962353475,0.8510818186727033,0.8996973574540255,0.75,0.8535533905932737,0.14969735745402546,0.005,0.005,0.13969735745402545,0.01,0.1,172,172,344,True
53,0.9474162704428768,0.8485285732166852,0.897972421829781,0.75,0.8535533905932737,0.147972421829781,0.005,0.005,0.13797242182978098,0.01,0.1,176,177,353,True
54,0.9465214379019911,0.845982987497035,0.896252212699513,0.75,0.8535533905932737,0.14625221269951305,0.005,0.005,0.13625221269951304,0.01,0.1,181,181,362,True
55,0.9456283950261871,0.843445038534544,0.8945367167803655,0.75,0.8535533905932737,0.1445367167803655,0.005,0.005,0.1345367167803655,0.01,0.1,186,185,371,True
56,0.9447371382361347,0.8409147034189404,0.8928259208275375,0.75,0.8535533905932737,0.14282592082753753,0.005,0.005,0.13282592082753752,0.01,0.1,190,191,381,True
57,0.9438476639596625,0.8383919593086835,0.891119811634173,0.75,0.8535533905932737,0.14111981163417298,0.005,0.005,0.13111981163417297,0.01,0.1,196,195,391,True
58,0.9429599686317431,0.8358767834307574,0.8894183760312503,0.75,0.8535533905932737,0.1394183760312503,0.005,0.005,0.12941837603125028,0.01,0.1,200,201,401,True
59,0.9420740486944796,0.8333691530804652,0.8877216008874724,0.75,0.8535533905932737,0.13772160088747243,0.005,0.005,0.12772160088747242,0.01,0.1,206,206,412,True
60,0.9411899005970907,0.8308690456212238,0.8860294731091573,0.75,0.8535533905932737,0.13602947310915725,0.005,0.005,0.12602947310915724,0.01,0.1,212,211,423,True
61,0.9403075207958965,0.8283764384843602,0.8843419796401284,0.75,0.8535533905932737,0.1343419796401284,0.005,0.005,0.12434197964012839,0.01,0.1,218,217,435,True
62,0.9394269057543048,0.825891309168907,0.8826591074616059,0.75,0.8535533905932737,0.13265910746160592,0.005,0.005,0.12265910746160591,0.01,0.1,224,223,447,True
63,0.9385480519427961,0.8234136352414003,0.8809808435920983,0.75,0.8535533905932737,0.13098084359209827,0.005,0.005,0.12098084359209826,0.01,0.1,230,229,459,True
64,0.9376709558389105,0.8209433943356761,0.8793071750872933,0.75,0.8535533905932737,0.12930717508729328,0.005,0.005,0.11930717508729327,0.01,0.1,236,236,472,True
65,0.9367956139272327,0.818480564152669,0.8776380890399509,0.75,0.8535533905932737,0.12763808903995089,0.005,0.005,0.11763808903995088,0.01,0.1,242,243,485,True
66,0.9359220226993783,0.8160251224602111,0.8759735725797947,0.75,0.8535533905932737,0.1259735725797947,0.005,0.005,0.11597357257979468,0.01,0.1,250,249,499,True
67,0.9350501786539795,0.8135770470928304,0.874313612873405,0.75,0.8535533905932737,0.12431361287340503,0.005,0.005,0.11431361287340502,0.01,0.1,257,257,514,True
68,0.9341800782966715,0.811136315951552,0.8726581971241117,0.75,0.8535533905932737,0.12265819712411175,0.005,0.005,0.11265819712411174,0.01,0.1,264,265,529,True
69,0.9333117181400782,0.8087029070036973,0.8710073125718878,0.75,0.8535533905932737,0.12100731257188779,0.005,0.005,0.11100731257188778,0.01,0.1,272,273,545,True
70,0.932445094703798,0.8062767982826862,0.8693609464932421,0.75,0.8535533905932737,0.11936094649324214,0.005,0.005,0.10936094649324213,0.01,0.1,281,281,562,True
71,0.9315802045143904,0.8038579678878381,0.8677190862011143,0.75,0.8535533905932737,0.11771908620111426,0.005,0.005,0.10771908620111426,0.01,0.1,290,289,579,True
72,0.9307170441053616,0.8014463939841746,0.866081719044768,0.75,0.8535533905932737,0.11608171904476805,0.005,0.005,0.10608171904476804,0.01,0.1,298,299,597,True
73,0.9298556100171509,0.7990420548022221,0.8644488324096865,0.75,0.8535533905932737,0.11444883240968651,0.005,0.005,0.1044488324096865,0.01,0.1,308,308,616,True
74,0.9289958987971165,0.7966449286378154,0.862820413717466,0.75,0.8535533905932737,0.11282041371746598,0.005,0.005,0.10282041371746597,0.01,0.1,318,317,635,True
75,0.9281379069995224,0.7942549938519019,0.8611964504257121,0.75,0.8535533905932737,0.11119645042571213,0.005,0.005,0.10119645042571213,0.01,0.1,328,328,656,True
76,0.9272816311855233,0.7918722288703463,0.8595769300279348,0.75,0.8535533905932737,0.10957693002793478,0.005,0.005,0.09957693002793477,0.01,0.1,338,339,677,True
77,0.9264270679231523,0.7894966121837352,0.8579618400534438,0.75,0.8535533905932737,0.10796184005344378,0.005,0.005,0.09796184005344377,0.01,0.1,350,350,700,True
78,0.925574213787306,0.787128122347184,0.856351168067245,0.75,0.8535533905932737,0.10635116806724498,0.005,0.005,0.09635116806724497,0.01,0.1,362,361,723,True
79,0.9247230653597314,0.7847667379801424,0.8547449016699369,0.75,0.8535533905932737,0.10474490166993689,0.005,0.005,0.09474490166993688,0.01,0.1,374,374,748,True
80,0.9238736192290119,0.782412437766202,0.8531430284976069,0.75,0.8535533905932737,0.10314302849760693,0.005,0.005,0.09314302849760692,0.01,0.1,387,387,774,True
81,0.9230258719905539,0.7800652004529034,0.8515455362217286,0.75,0.8535533905932737,0.10154553622172857,0.005,0.005,0.09154553622172856,0.01,0.1,400,401,801,True
82,0.9221798202465727,0.7777250048515447,0.8499524125490587,0.75,0.8535533905932737,0.09995241254905873,0.005,0.005,0.08995241254905872,0.01,0.1,415,415,830,True
83,0.9213354606060796,0.7753918298369901,0.8483636452215348,0.75,0.8535533905932737,0.09836364522153485,0.005,0.005,0.08836364522153484,0.01,0.1,430,430,860,True
84,0.9204927896848674,0.7730656543474791,0.8467792220161732,0.75,0.8535533905932737,0.09677922201617317,0.005,0.005,0.08677922201617316,0.01,0.1,446,446,892,True
85,0.9196518041054977,0.7707464573844367,0.8451991307449672,0.75,0.8535533905932737,0.09519913074496722,0.005,0.005,0.08519913074496721,0.01,0.1,462,463,925,True
86,0.9188125004972867,0.7684342180122834,0.843623359254785,0.75,0.8535533905932737,0.09362335925478504,0.005,0.005,0.08362335925478503,0.01,0.1,480,480,960,True
87,0.9179748754962922,0.7661289153582465,0.8420518954272693,0.75,0.8535533905932737,0.09205189542726933,0.005,0.005,0.08205189542726932,0.01,0.1,498,499,997,True
88,0.9171389257452995,0.7638305286121717,0.8404847271787357,0.75,0.8535533905932737,0.09048472717873568,0.005,0.005,0.08048472717873567,0.01,0.1,518,518,1036,True
89,0.9163046478938089,0.7615390370263352,0.8389218424600721,0.75,0.8535533905932737,0.08892184246007206,0.005,0.005,0.07892184246007206,0.01,0.1,539,539,1078,True
90,0.9154720385980214,0.7592544199152562,0.8373632292566389,0.75,0.8535533905932737,0.08736322925663886,0.005,0.005,0.07736322925663885,0.01,0.1,561,561,1122,True
91,0.9146410945208253,0.7569766566555105,0.8358088755881679,0.75,0.8535533905932737,0.08580887558816785,0.005,0.005,0.07580887558816785,0.01,0.1,584,584,1168,True
92,0.9138118123317837,0.7547057266855439,0.8342587695086638,0.75,0.8535533905932737,0.08425876950866384,0.005,0.005,0.07425876950866384,0.01,0.1,608,609,1217,True
93,0.9129841887071201,0.7524416095054872,0.8327128991063036,0.75,0.8535533905932737,0.08271289910630364,0.005,0.005,0.07271289910630363,0.01,0.1,635,635,1270,True
94,0.9121582203297058,0.7501842846769708,0.8311712525033383,0.75,0.8535533905932737,0.08117125250333834,0.005,0.005,0.07117125250333833,0.01,0.1,662,663,1325,True
95,0.9113339038890464,0.7479337318229399,0.8296338178559932,0.75,0.8535533905932737,0.07963381785599322,0.005,0.005,0.06963381785599321,0.01,0.1,692,692,1384,True
96,0.9105112360812684,0.745689930627471,0.8281005833543698,0.75,0.8535533905932737,0.07810058335436976,0.005,0.005,0.06810058335436975,0.01,0.1,724,723,1447,True
97,0.9096902136091058,0.7434528608355887,0.8265715372223472,0.75,0.8535533905932737,0.07657153722234722,0.005,0.005,0.06657153722234721,0.01,0.1,758,757,1515,True
98,0.9088708331818875,0.7412225022530818,0.8250466677174847,0.75,0.8535533905932737,0.0750466677174847,0.005,0.005,0.06504666771748469,0.01,0.1,793,793,1586,True
99,0.9080530915155238,0.7389988347463226,0.8235259631309232,0.75,0.8535533905932737,0.07352596313092319,0.005,0.005,0.06352596313092318,0.01,0.1,832,831,1663,True
100,0.9072369853324928,0.7367818382420837,0.8220094117872883,0.75,0.8535533905932737,0.07200941178728826,0.005,0.005,0.06200941178728825,0.01,0.1,873,873,1746,True
101,0.9064225113618278,0.7345714927273574,0.8204970020445926,0.75,0.8535533905932737,0.07049700204459264,0.005,0.005,0.06049700204459263,0.01,0.1,917,917,1834,True
102,0.9056096663391041,0.7323677782491753,0.8189887222941397,0.75,0.8535533905932737,0.06898872229413966,0.005,0.005,0.05898872229413965,0.01,0.1,964,965,1929,True
103,0.9047984470064259,0.7301706749144278,0.8174845609604269,0.75,0.8535533905932737,0.06748456096042688,0.005,0.005,0.05748456096042687,0.01,0.1,1016,1015,2031,True
104,0.9039888501124131,0.7279801628896845,0.8159845065010488,0.75,0.8535533905932737,0.06598450650104881,0.005,0.005,0.0559845065010488,0.01,0.1,1070,1071,2141,True
105,0.9031808724121883,0.7257962224010155,0.8144885474066019,0.75,0.8535533905932737,0.06448854740660193,0.005,0.005,0.05448854740660192,0.01,0.1,1130,1131,2261,True
106,0.9023745106673638,0.7236188337338124,0.8129966722005881,0.75,0.8535533905932737,0.06299667220058813,0.005,0.005,0.052996672200588124,0.01,0.1,1195,1195,2390,True
107,0.9015697616460291,0.721447977232611,0.81150886943932,0.75,0.8535533905932737,0.06150886943931999,0.005,0.005,0.05150886943931998,0.01,0.1,1265,1265,2530,True
108,0.9007666221227371,0.7192836333009132,0.8100251277118251,0.75,0.8535533905932737,0.06002512771182511,0.005,0.005,0.0500251277118251,0.01,0.1,1341,1341,2682,True
109,0.8999650888784916,0.7171257824010104,0.808545435639751,0.75,0.8535533905932737,0.05854543563975101,0.005,0.005,0.048545435639751,0.01,0.1,1424,1424,2848,True
110,0.8991651587007345,0.7149744050538074,0.807069781877271,0.75,0.8535533905932737,0.057069781877270964,0.005,0.005,0.047069781877270955,0.01,0.1,1514,1515,3029,True
111,0.8983668283833331,0.712829481838646,0.8055981551109896,0.75,0.8535533905932737,0.055598155110989644,0.005,0.005,0.045598155110989635,0.01,0.1,1614,1614,3228,True
112,0.8975700947265665,0.71069099339313,0.8041305440598483,0.75,0.8535533905932737,0.054130544059848296,0.005,0.005,0.04413054405984829,0.01,0.1,1723,1723,3446,True
113,0.8967749545371133,0.7085589204129507,0.8026669374750319,0.75,0.8535533905932737,0.05266693747503193,0.005,0.005,0.04266693747503192,0.01,0.1,1843,1843,3686,True
114,0.8959814046280391,0.7064332436517117,0.8012073241398754,0.75,0.8535533905932737,0.05120732413987539,0.005,0.005,0.04120732413987538,0.01,0.1,1976,1976,3952,True
115,0.895189441818783,0.7043139439207566,0.7997516928697699,0.75,0.8535533905932737,0.04975169286976988,0.005,0.005,0.03975169286976987,0.01,0.1,2124,2123,4247,True
116,0.8943990629351455,0.7022010020889944,0.7983000325120699,0.75,0.8535533905932737,0.048300032512069935,0.005,0.005,0.038300032512069926,0.01,0.1,2288,2287,4575,True
117,0.8936102648092752,0.7000943990827274,0.7968523319460012,0.75,0.8535533905932737,0.04685233194600125,0.005,0.005,0.03685233194600124,0.01,0.1,2470,2471,4941,True
118,0.8928230442796566,0.6979941158854792,0.7954085800825679,0.75,0.8535533905932737,0.04540858008256787,0.005,0.005,0.035408580082567864,0.01,0.1,2676,2677,5353,True
119,0.8920373981910973,0.6959001335378228,0.7939687658644601,0.75,0.8535533905932737,0.04396876586446008,0.005,0.005,0.03396876586446007,0.01,0.1,2908,2908,5816,True
120,0.8912533233947151,0.6938124331372093,0.7925328782659622,0.75,0.8535533905932737,0.04253287826596219,0.005,0.005,0.032532878265962184,0.01,0.1,3170,3171,6341,True
121,0.8904708167479256,0.6917309958377976,0.7911009062928616,0.75,0.8535533905932737,0.04110090629286156,0.005,0.005,0.031100906292861552,0.01,0.1,3469,3469,6938,True
122,0.8896898751144298,0.6896558028502843,0.7896728389823571,0.75,0.8535533905932737,0.03967283898235707,0.005,0.005,0.029672838982357064,0.01,0.1,3811,3811,7622,True
123,0.888910495364201,0.6875868354417335,0.7882486654029672,0.75,0.8535533905932737,0.03824866540296723,0.005,0.005,0.02824866540296722,0.01,0.1,4204,4205,8409,True
124,0.8881326743734725,0.6855240749354082,0.7868283746544404,0.75,0.8535533905932737,0.03682837465444044,0.005,0.005,0.026828374654440434,0.01,0.1,4662,4661,9323,True
125,0.8873564090247257,0.683467502710602,0.7854119558676638,0.75,0.8535533905932737,0.03541195586766377,0.005,0.005,0.02541195586766376,0.01,0.1,5196,5196,10392,True
126,0.8865816962066762,0.6814171002024701,0.7839993982045732,0.75,0.8535533905932737,0.033999398204573206,0.005,0.005,0.023999398204573197,0.01,0.1,5826,5825,11651,True
127,0.8858085328142629,0.6793728489018628,0.7825906908580629,0.75,0.8535533905932737,0.032590690858062876,0.005,0.005,0.022590690858062867,0.01,0.1,6574,6575,13149,True
128,0.8850369157486342,0.6773347303551571,0.7811858230518957,0.75,0.8535533905932737,0.031185823051895656,0.005,0.005,0.021185823051895647,0.01,0.1,7476,7475,14951,True
129,0.884266841917137,0.6753027261640917,0.7797847840406144,0.75,0.8535533905932737,0.029784784040614354,0.005,0.005,0.019784784040614345,0.01,0.1,8572,8571,17143,True
130,0.8834983082333028,0.6732768179855994,0.778387563109451,0.75,0.8535533905932737,0.02838756310945101,0.005,0.005,0.018387563109451,0.01,0.1,9924,9923,19847,True
131,0.8827313116168362,0.6712569875316426,0.7769941495742394,0.75,0.8535533905932737,0.0269941495742394,0.005,0.005,0.016994149574239392,0.01,0.1,11618,11617,23235,True
132,0.8819658489936024,0.6692432165690476,0.775604532781325,0.75,0.8535533905932737,0.025604532781325018,0.005,0.005,0.015604532781325009,0.01,0.1,13779,13779,27558,True
133,0.8812019172956153,0.6672354869193405,0.7742187021074779,0.75,0.8535533905932737,0.024218702107477896,0.005,0.005,0.014218702107477887,0.01,0.1,16596,16595,33191,True
134,0.880439513461024,0.6652337804585825,0.7728366469598033,0.75,0.8535533905932737,0.022836646959803253,0.005,0.005,0.012836646959803244,0.01,0.1,20362,20361,40723,True
135,0.879678634434102,0.6632380791172067,0.7714583567756543,0.75,0.8535533905932737,0.02145835677565433,0.005,0.005,0.011458356775654321,0.01,0.1,25554,25555,51109,True
136,0.8789192771652339,0.6612483648798552,0.7700838210225445,0.75,0.8535533905932737,0.020083821022544468,0.005,0.005,0.010083821022544459,0.01,0.1,32996,32996,65992,True
137,0.8781614386109033,0.6592646197852157,0.7687130291980595,0.75,0.8535533905932737,0.018713029198059505,0.005,0.005,0.008713029198059496,0.01,0.1,44195,44195,88390,True
138,0.8774051157336815,0.65728682592586,0.7673459708297707,0.75,0.8535533905932737,0.01734597082977074,0.005,0.005,0.007345970829770732,0.01,0.1,62174,62174,124348,True
139,0.8766503055022141,0.6553149654480823,0.7659826354751482,0.75,0.8535533905932737,0.01598263547514822,0.005,0.005,0.0059826354751482125,0.01,0.1,93740,93739,187479,True
140,0.8758970048912097,0.653349020551738,0.7646230127214739,0.75,0.8535533905932737,0.014623012721473927,0.005,0.005,0.004623012721473918,0.01,0.1,156985,156985,313970,True
141,0.8751452108814273,0.6513889734900828,0.7632670921857551,0.75,0.8535533905932737,0.013267092185755058,0.005,0.005,0.0032670921857550494,0.01,0.1,314329,314329,628658,True
142,0.8743949204596644,0.6494348065696126,0.7619148635146384,0.75,0.8535533905932737,0.01191486351463844,0.005,0.005,0.0019148635146384319,0.01,0.1,915022,915022,1830044,True
143,0.8736461306187451,0.6474865021499038,0.7605663163843244,0.75,0.8535533905932737,0.01056631638432437,0.005,0.005,0.0005663163843243613,0.01,0.1,10461376,10461377,20922753,True
144,0.8728988383575076,0.6455440426434541,0.7592214405004809,0.75,0.8535533905932737,0.009221440500480904,0.005,0.005,-0.0007785594995191047,0.01,0.1,0,0,0,False
145,0.8721530406807926,0.6436074105155237,0.7578802255981582,0.75,0.8535533905932737,0.007880225598158153,0.005,0.005,-0.0021197744018418563,0.01,0.1,0,0,0,False
146,0.871408734599431,0.6416765882839771,0.7565426614417041,0.75,0.8535533905932737,0.006542661441704123,0.005,0.005,-0.003457338558295886,0.01,0.1,0,0,0,False
147,0.8706659171302321,0.6397515585191252,0.7552087378246787,0.75,0.8535533905932737,0.0052087378246786775,0.005,0.005,-0.004791262175321331,0.01,0.1,0,0,0,False
148,0.8699245852959717,0.6378323038435678,0.7538784445697697,0.75,0.8535533905932737,0.0038784445697697123,0.005,0.005,-0.006121555430230297,0.01,0.1,0,0,0,False
149,0.8691847361253797,0.6359188069320371,0.7525517715287084,0.75,0.8535533905932737,0.0025517715287084464,0.005,0.005,-0.0074482284712915625,0.01,0.1,0,0,0,False
150,0.868446366653129,0.634011050511241,0.7512287085821849,0.75,0.8535533905932737,0.0012287085821849342,0.005,0.005,-0.008771291417815075,0.01,0.1,0,0,0,False
151,0.8677094739198228,0.6321090173597073,0.749909245639765,0.75,0.8535533905932737,-9.075436023497918e-05,0.005,0.005,-0.010090754360234988,0.01,0.1,0,0,0,False
152,0.8669740549719831,0.6302126903076282,0.7485933726398056,0.75,0.8535533905932737,-0.001406627360194368,0.005,0.005,-0.011406627360194377,0.01,0.1,0,0,0,False
153,0.8662401068620391,0.6283220522367053,0.7472810795493723,0.75,0.8535533905932737,-0.0027189204506277154,0.005,0.005,-0.012718920450627724,0.01,0.1,0,0,0,False
154,0.865507626648315,0.6264370860799952,0.7459723563641552,0.75,0.8535533905932737,-0.004027643635844846,0.005,0.005,-0.014027643635844855,0.01,0.1,0,0,0,False
155,0.8647766113950184,0.6245577748217552,0.7446671931083868,0.75,0.8535533905932737,-0.005332806891613195,0.005,0.005,-0.015332806891613204,0.01,0.1,0,0,0,False
156,0.8640470581722284,0.6226841014972899,0.7433655798347591,0.75,0.8535533905932737,-0.006634420165240851,0.005,0.005,-0.01663442016524086,0.01,0.1,0,0,0,False
157,0.8633189640558839,0.6208160491927981,0.742067506624341,0.75,0.8535533905932737,-0.007932493375659044,0.005,0.005,-0.017932493375659053,0.01,0.1,0,0,0,False
158,0.8625923261277721,0.6189536010452197,0.7407729635864959,0.75,0.8535533905932737,-0.009227036413504086,0.005,0.005,-0.019227036413504095,0.01,0.1,0,0,0,False
159,0.8618671414755166,0.617096740242084,0.7394819408588003,0.75,0.8535533905932737,-0.010518059141199743,0.005,0.005,-0.02051805914119975,0.01,0.1,0,0,0,False
160,0.8611434071925655,0.6152454500213578,0.7381944286069617,0.75,0.8535533905932737,-0.011805571393038283,0.005,0.005,-0.021805571393038292,0.01,0.1,0,0,0,False
161,0.8604211203781804,0.6133997136712936,0.736910417024737,0.75,0.8535533905932737,-0.01308958297526297,0.005,0.005,-0.02308958297526298,0.01,0.1,0,0,0,False
162,0.8597002781374241,0.6115595145302798,0.7356298963338519,0.75,0.8535533905932737,-0.014370103666148104,0.005,0.005,-0.024370103666148113,0.01,0.1,0,0,0,False
163,0.8589808775811492,0.6097248359866889,0.734352856783919,0.75,0.8535533905932737,-0.01564714321608096,0.005,0.005,-0.02564714321608097,0.01,0.1,0,0,0,False
164,0.8582629158259869,0.6078956614787289,0.7330792886523578,0.75,0.8535533905932737,-0.01692071134764217,0.005,0.005,-0.02692071134764218,0.01,0.1,0,0,0,False
165,0.857546389994335,0.6060719744942927,0.7318091822443138,0.75,0.8535533905932737,-0.018190817755686206,0.005,0.005,-0.028190817755686215,0.01,0.1,0,0,0,False
166,0.8568312972143463,0.6042537585708098,0.730542527892578,0.75,0.8535533905932737,-0.01945747210742199,0.005,0.005,-0.029457472107422,0.01,0.1,0,0,0,False
167,0.8561176346199175,0.6024409972950974,0.7292793159575075,0.75,0.8535533905932737,-0.0207206840424925,0.005,0.005,-0.030720684042492508,0.01,0.1,0,0,0,False
168,0.8554053993506777,0.6006336743032121,0.7280195368269449,0.75,0.8535533905932737,-0.02198046317305513,0.005,0.005,-0.03198046317305514,0.01,0.1,0,0,0,False
169,0.8546945885519763,0.5988317732803025,0.7267631809161395,0.75,0.8535533905932737,-0.02323681908386055,0.005,0.005,-0.03323681908386056,0.01,0.1,0,0,0,False
170,0.8539851993748724,0.5970352779604615,0.725510238667667,0.75,0.8535533905932737,-0.02448976133233305,0.005,0.005,-0.03448976133233306,0.01,0.1,0,0,0,False
171,0.8532772289761227,0.5952441721265801,0.7242607005513514,0.75,0.8535533905932737,-0.02573929944864861,0.005,0.005,-0.03573929944864862,0.01,0.1,0,0,0,False
172,0.8525706745181705,0.5934584396102004,0.7230145570641855,0.75,0.8535533905932737,-0.026985442935814508,0.005,0.005,-0.036985442935814516,0.01,0.1,0,0,0,False
173,0.851865533169134,0.5916780642913698,0.7217717987302519,0.75,0.8535533905932737,-0.02822820126974812,0.005,0.005,-0.03822820126974813,0.01,0.1,0,0,0,False
174,0.8511618021027958,0.5899030300984957,0.7205324161006457,0.75,0.8535533905932737,-0.029467583899354333,0.005,0.005,-0.03946758389935434,0.01,0.1,0,0,0,False
175,0.8504594784985903,0.5881333210082003,0.7192963997533952,0.75,0.8535533905932737,-0.03070360024660479,0.005,0.005,-0.0407036002466048,0.01,0.1,0,0,0,False
176,0.8497585595415931,0.5863689210451756,0.7180637402933843,0.75,0.8535533905932737,-0.03193625970661573,0.005,0.005,-0.04193625970661574,0.01,0.1,0,0,0,False
177,0.8490590424225098,0.5846098142820401,0.716834428352275,0.75,0.8535533905932737,-0.033165571647725045,0.005,0.005,-0.043165571647725054,0.01,0.1,0,0,0,False
178,0.8483609243376649,0.582855984839194,0.7156084545884294,0.75,0.8535533905932737,-0.034391545411570634,0.005,0.005,-0.04439154541157064,0.01,0.1,0,0,0,False
179,0.8476642024889895,0.5811074168846764,0.714385809686833,0.75,0.8535533905932737,-0.03561419031316704,0.005,0.005,-0.04561419031316705,0.01,0.1,0,0,0,False
180,0.8469688740840116,0.5793640946340224,0.713166484359017,0.75,0.8535533905932737,-0.03683351564098303,0.005,0.005,-0.04683351564098304,0.01,0.1,0,0,0,False
181,0.8462749363358435,0.5776260023501203,0.7119504693429819,0.75,0.8535533905932737,-0.038049530657018105,0.005,0.005,-0.048049530657018114,0.01,0.1,0,0,0,False
182,0.8455823864631717,0.5758931243430699,0.7107377554031209,0.75,0.8535533905932737,-0.0392622445968791,0.005,0.005,-0.04926224459687911,0.01,0.1,0,0,0,False
183,0.8448912216902454,0.5741654449700407,0.7095283333301431,0.75,0.8535533905932737,-0.04047166666985691,0.005,0.005,-0.05047166666985692,0.01,0.1,0,0,0,False
184,0.8442014392468651,0.5724429486351306,0.7083221939409978,0.75,0.8535533905932737,-0.041677806059002176,0.005,0.005,-0.051677806059002185,0.01,0.1,0,0,0,False
185,0.8435130363683713,0.5707256197892252,0.7071193280787982,0.75,0.8535533905932737,-0.04288067192120182,0.005,0.005,-0.05288067192120183,0.01,0.1,0,0,0,False
186,0.8428260102956345,0.5690134429298574,0.7059197266127459,0.75,0.8535533905932737,-0.044080273387254065,0.005,0.005,-0.054080273387254074,0.01,0.1,0,0,0,False
187,0.8421403582750433,0.5673064026010679,0.7047233804380556,0.75,0.8535533905932737,-0.0452766195619444,0.005,0.005,-0.05527661956194441,0.01,0.1,0,0,0,False
188,0.8414560775584932,0.5656044833932647,0.703530280475879,0.75,0.8535533905932737,-0.046469719524121045,0.005,0.005,-0.056469719524121054,0.01,0.1,0,0,0,False
189,0.8407731654033762,0.5639076699430849,0.7023404176732306,0.75,0.8535533905932737,-0.04765958232676937,0.005,0.005,-0.057659582326769376,0.01,0.1,0,0,0,False
190,0.8400916190725694,0.5622159469332557,0.7011537830029125,0.75,0.8535533905932737,-0.048846216997087466,0.005,0.005,-0.058846216997087475,0.01,0.1,0,0,0,False
191,0.8394114358344242,0.560529299092456,0.6999703674634401,0.75,0.8535533905932737,-0.0500296325365599,0.005,0.005,-0.06002963253655991,0.01,0.1,0,0,0,False
192,0.8387326129627555,0.5588477111951785,0.6987901620789669,0.75,0.8535533905932737,-0.05120983792103306,0.005,0.005,-0.06120983792103307,0.01,0.1,0,0,0,False
193,0.8380551477368299,0.557171168061593,0.6976131578992114,0.75,0.8535533905932737,-0.05238684210078859,0.005,0.005,-0.0623868421007886,0.01,0.1,0,0,0,False
194,0.8373790374413562,0.5554996545574082,0.6964393459993823,0.75,0.8535533905932737,-0.05356065400061771,0.005,0.005,-0.06356065400061772,0.01,0.1,0,0,0,False
195,0.8367042793664735,0.5538331555937359,0.6952687174801047,0.75,0.8535533905932737,-0.05473128251989534,0.005,0.005,-0.06473128251989535,0.01,0.1,0,0,0,False
196,0.8360308708077406,0.5521716561269547,0.6941012634673477,0.75,0.8535533905932737,-0.055898736532652316,0.005,0.005,-0.06589873653265232,0.01,0.1,0,0,0,False
197,0.8353588090661251,0.5505151411585739,0.6929369751123495,0.75,0.8535533905932737,-0.05706302488765047,0.005,0.005,-0.06706302488765048,0.01,0.1,0,0,0,False
198,0.8346880914479928,0.5488635957350982,0.6917758435915455,0.75,0.8535533905932737,-0.058224156408454464,0.005,0.005,-0.06822415640845447,0.01,0.1,0,0,0,False
199,0.8340187152650969,0.5472170049478929,0.690617860106495,0.75,0.8535533905932737,-0.05938213989350505,0.005,0.005,-0.06938213989350506,0.01,0.1,0,0,0,False
200,0.8333506778345667,0.5455753539330492,0.689463015883808,0.75,0.8535533905932737,-0.060536984116192016,0.005,0.005,-0.07053698411619203,0.01,0.1,0,0,0,False
